--
-- PostgreSQL database dump
--

SET statement_timeout = 0;
SET lock_timeout = 0;
SET client_encoding = 'UTF8';
SET standard_conforming_strings = on;
SET check_function_bodies = false;
SET client_min_messages = warning;

DROP DATABASE fwl;
--
-- Name: fwl; Type: DATABASE; Schema: -; Owner: mike
--

CREATE DATABASE fwl WITH TEMPLATE = template0 ENCODING = 'UTF8' LC_COLLATE = 'en_US.UTF-8' LC_CTYPE = 'en_US.UTF-8';


ALTER DATABASE fwl OWNER TO mike;

\connect fwl

SET statement_timeout = 0;
SET lock_timeout = 0;
SET client_encoding = 'UTF8';
SET standard_conforming_strings = on;
SET check_function_bodies = false;
SET client_min_messages = warning;

--
-- Name: plpgsql; Type: EXTENSION; Schema: -; Owner: 
--

CREATE EXTENSION IF NOT EXISTS plpgsql WITH SCHEMA pg_catalog;


--
-- Name: EXTENSION plpgsql; Type: COMMENT; Schema: -; Owner: 
--

COMMENT ON EXTENSION plpgsql IS 'PL/pgSQL procedural language';


SET search_path = public, pg_catalog;

SET default_tablespace = '';

SET default_with_oids = false;

--
-- Name: suggestions; Type: TABLE; Schema: public; Owner: fwl_admin; Tablespace: 
--

CREATE TABLE suggestions (
    id integer NOT NULL,
    author_user_id integer,
    text text NOT NULL,
    created_timestamp timestamp without time zone DEFAULT now() NOT NULL,
    referring_page text
);


ALTER TABLE public.suggestions OWNER TO fwl_admin;

--
-- Name: suggestions_id_seq; Type: SEQUENCE; Schema: public; Owner: fwl_admin
--

CREATE SEQUENCE suggestions_id_seq
    START WITH 1
    INCREMENT BY 1
    NO MINVALUE
    NO MAXVALUE
    CACHE 1;


ALTER TABLE public.suggestions_id_seq OWNER TO fwl_admin;

--
-- Name: suggestions_id_seq; Type: SEQUENCE OWNED BY; Schema: public; Owner: fwl_admin
--

ALTER SEQUENCE suggestions_id_seq OWNED BY suggestions.id;


--
-- Name: users; Type: TABLE; Schema: public; Owner: fwl_admin; Tablespace: 
--

CREATE TABLE users (
    id integer NOT NULL,
    first_name text NOT NULL,
    last_name text NOT NULL,
    email text NOT NULL,
    avatar_image_url text,
    password_hash bytea NOT NULL
);


ALTER TABLE public.users OWNER TO fwl_admin;

--
-- Name: users_id_seq; Type: SEQUENCE; Schema: public; Owner: fwl_admin
--

CREATE SEQUENCE users_id_seq
    START WITH 1
    INCREMENT BY 1
    NO MINVALUE
    NO MAXVALUE
    CACHE 1;


ALTER TABLE public.users_id_seq OWNER TO fwl_admin;

--
-- Name: users_id_seq; Type: SEQUENCE OWNED BY; Schema: public; Owner: fwl_admin
--

ALTER SEQUENCE users_id_seq OWNED BY users.id;


--
-- Name: wish_list_collections; Type: TABLE; Schema: public; Owner: fwl_admin; Tablespace: 
--

CREATE TABLE wish_list_collections (
    id integer NOT NULL,
    owner_user_id integer NOT NULL,
    name text NOT NULL,
    exclusive_wish_list_id integer,
    is_hidden boolean DEFAULT false NOT NULL
);


ALTER TABLE public.wish_list_collections OWNER TO fwl_admin;

--
-- Name: wish_list_collections_id_seq; Type: SEQUENCE; Schema: public; Owner: fwl_admin
--

CREATE SEQUENCE wish_list_collections_id_seq
    START WITH 1
    INCREMENT BY 1
    NO MINVALUE
    NO MAXVALUE
    CACHE 1;


ALTER TABLE public.wish_list_collections_id_seq OWNER TO fwl_admin;

--
-- Name: wish_list_collections_id_seq; Type: SEQUENCE OWNED BY; Schema: public; Owner: fwl_admin
--

ALTER SEQUENCE wish_list_collections_id_seq OWNED BY wish_list_collections.id;


--
-- Name: wish_list_items; Type: TABLE; Schema: public; Owner: fwl_admin; Tablespace: 
--

CREATE TABLE wish_list_items (
    id integer NOT NULL,
    wish_list_id integer NOT NULL,
    url text DEFAULT ''::text NOT NULL,
    image_url text DEFAULT ''::text NOT NULL,
    covered_by_user_id integer,
    fulfilled boolean DEFAULT false NOT NULL,
    priority integer NOT NULL,
    name text NOT NULL,
    description text DEFAULT ''::text NOT NULL,
    creator_user_id integer NOT NULL
);


ALTER TABLE public.wish_list_items OWNER TO fwl_admin;

--
-- Name: wish_list_items_id_seq; Type: SEQUENCE; Schema: public; Owner: fwl_admin
--

CREATE SEQUENCE wish_list_items_id_seq
    START WITH 1
    INCREMENT BY 1
    NO MINVALUE
    NO MAXVALUE
    CACHE 1;


ALTER TABLE public.wish_list_items_id_seq OWNER TO fwl_admin;

--
-- Name: wish_list_items_id_seq; Type: SEQUENCE OWNED BY; Schema: public; Owner: fwl_admin
--

ALTER SEQUENCE wish_list_items_id_seq OWNED BY wish_list_items.id;


--
-- Name: wish_list_items_priority_seq; Type: SEQUENCE; Schema: public; Owner: fwl_admin
--

CREATE SEQUENCE wish_list_items_priority_seq
    START WITH 1
    INCREMENT BY 1
    NO MINVALUE
    NO MAXVALUE
    CACHE 1;


ALTER TABLE public.wish_list_items_priority_seq OWNER TO fwl_admin;

--
-- Name: wish_list_items_priority_seq; Type: SEQUENCE OWNED BY; Schema: public; Owner: fwl_admin
--

ALTER SEQUENCE wish_list_items_priority_seq OWNED BY wish_list_items.priority;


--
-- Name: wish_lists; Type: TABLE; Schema: public; Owner: fwl_admin; Tablespace: 
--

CREATE TABLE wish_lists (
    id integer NOT NULL,
    wish_list_collection_id integer NOT NULL,
    owner_user_id integer NOT NULL
);


ALTER TABLE public.wish_lists OWNER TO fwl_admin;

--
-- Name: wish_lists_id_seq; Type: SEQUENCE; Schema: public; Owner: fwl_admin
--

CREATE SEQUENCE wish_lists_id_seq
    START WITH 1
    INCREMENT BY 1
    NO MINVALUE
    NO MAXVALUE
    CACHE 1;


ALTER TABLE public.wish_lists_id_seq OWNER TO fwl_admin;

--
-- Name: wish_lists_id_seq; Type: SEQUENCE OWNED BY; Schema: public; Owner: fwl_admin
--

ALTER SEQUENCE wish_lists_id_seq OWNED BY wish_lists.id;


--
-- Name: id; Type: DEFAULT; Schema: public; Owner: fwl_admin
--

ALTER TABLE ONLY suggestions ALTER COLUMN id SET DEFAULT nextval('suggestions_id_seq'::regclass);


--
-- Name: id; Type: DEFAULT; Schema: public; Owner: fwl_admin
--

ALTER TABLE ONLY users ALTER COLUMN id SET DEFAULT nextval('users_id_seq'::regclass);


--
-- Name: id; Type: DEFAULT; Schema: public; Owner: fwl_admin
--

ALTER TABLE ONLY wish_list_collections ALTER COLUMN id SET DEFAULT nextval('wish_list_collections_id_seq'::regclass);


--
-- Name: id; Type: DEFAULT; Schema: public; Owner: fwl_admin
--

ALTER TABLE ONLY wish_list_items ALTER COLUMN id SET DEFAULT nextval('wish_list_items_id_seq'::regclass);


--
-- Name: priority; Type: DEFAULT; Schema: public; Owner: fwl_admin
--

ALTER TABLE ONLY wish_list_items ALTER COLUMN priority SET DEFAULT nextval('wish_list_items_priority_seq'::regclass);


--
-- Name: id; Type: DEFAULT; Schema: public; Owner: fwl_admin
--

ALTER TABLE ONLY wish_lists ALTER COLUMN id SET DEFAULT nextval('wish_lists_id_seq'::regclass);


--
-- Data for Name: suggestions; Type: TABLE DATA; Schema: public; Owner: fwl_admin
--

COPY suggestions (id, author_user_id, text, created_timestamp, referring_page) FROM stdin;
14	7	Increase size of text boxes	2015-12-10 20:14:08.038054	\N
12	\N	Don't double encode HTML entities	2015-12-05 20:52:34.263759	\N
13	\N	Links should open in a new window	2015-12-05 20:52:49.942762	\N
6	\N	Explain profile and collections with a line near/under each	2015-12-03 20:08:22.513402	\N
7	\N	I see profile description, was not obvious this was profile page	2015-12-03 20:09:23.898835	\N
8	\N	How to add gifts I want?	2015-12-03 20:10:09.277239	\N
9	\N	Gifts I need to get are empty, not obvious how to use	2015-12-03 20:12:17.217042	\N
10	\N	Am I adding an item to Mikes list here?	2015-12-03 20:13:17.075477	\N
11	\N	Can't edit gift added	2015-12-03 20:16:59.94372	\N
15	25	Wish I could put gifts in categories.  ie: books, electronics, moonshot gifts.	2016-12-12 10:10:54.99142	\N
16	18	Christmas 2017. :-)	2017-11-05 01:00:01.503393	\N
\.


--
-- Name: suggestions_id_seq; Type: SEQUENCE SET; Schema: public; Owner: fwl_admin
--

SELECT pg_catalog.setval('suggestions_id_seq', 16, true);


--
-- Data for Name: users; Type: TABLE DATA; Schema: public; Owner: fwl_admin
--

COPY users (id, first_name, last_name, email, avatar_image_url, password_hash) FROM stdin;
7	Mike	Moore	michael_eric_moore@hotmail.com	\N	\\xd22a1693228bbce71b2b4be24c311a9ea64107a043d9c43cc84f44fb7d342904
18	Angela	Moore	angiepangiemoore@hotmail.com	\N	\\x921a01a40b1c56702806f65f44ee2113bfa5d6d1921a6136f5933de0cfcc8a10
19	Katie	Moore	katiebugmoore@hotmail.com	\N	\\x1b569ec6db5ba8cf5ffc3e0e4656df6ced0d3e436db4744b97a615564842cf3b
20	Dad	Moore	bill@zello.com	\N	\\x107ec4d9ae217008c7c53b653dc5724b9a1bc56f678921cf734a25b67f9cd6d3
21	Kim	Moore	kimmoore@swbell.net	\N	\\xd5fcf10fc4a464911e2b21819dca07fa01748b88eaf6f6f46ca38a39af9a44a7
22	Taylor	Moore	taylorkmoore@hotmail.com	\N	\\x92d5496788db5db6285646711bd434a607fb8e2d96db6f9d2dc8a4b603ab90f0
23	Little Mike	Moore	taylorkmoore+littlemike@hotmail.com	\N	\\xd22a1693228bbce71b2b4be24c311a9ea64107a043d9c43cc84f44fb7d342904
24	Matthew	Moore	taylorkmoore+matthew@hotmail.com	\N	\\xd22a1693228bbce71b2b4be24c311a9ea64107a043d9c43cc84f44fb7d342904
25	William	Moore	willmer89@gmail.com	\N	\\xd4af3b4e0dc1091d4aa57c8197d2548235f20e0b0dbc0a2b208cc974de0d3746
26	Tom	Moore	tommoore2012@gmail.com	\N	\\x9883e55f697a3db879be52f461e0630662ef9c8594db4284daf66204daba4781
27	Test	User	test@test.test	\N	\\xd22a1693228bbce71b2b4be24c311a9ea64107a043d9c43cc84f44fb7d342904
\.


--
-- Name: users_id_seq; Type: SEQUENCE SET; Schema: public; Owner: fwl_admin
--

SELECT pg_catalog.setval('users_id_seq', 27, true);


--
-- Data for Name: wish_list_collections; Type: TABLE DATA; Schema: public; Owner: fwl_admin
--

COPY wish_list_collections (id, owner_user_id, name, exclusive_wish_list_id, is_hidden) FROM stdin;
10	7	Christmas 2016	\N	t
11	7	Mike's 27th Birthday	30	f
\.


--
-- Name: wish_list_collections_id_seq; Type: SEQUENCE SET; Schema: public; Owner: fwl_admin
--

SELECT pg_catalog.setval('wish_list_collections_id_seq', 11, true);


--
-- Data for Name: wish_list_items; Type: TABLE DATA; Schema: public; Owner: fwl_admin
--

COPY wish_list_items (id, wish_list_id, url, image_url, covered_by_user_id, fulfilled, priority, name, description, creator_user_id) FROM stdin;
170	26	https://www.cavenders.com/western/women/womens-boots-shoes/fatbaby-gypsy-boots/JUSL9606	https://cavenders.scene7.com/is/image/Cavenders/JUSL9606_1?$ProductDetail$&iv=a-qS_0&wid=1110&hei=1440&fit=fit,1	7	f	170	Justin Gypsy Boots	Boots for every day wear- Size 9	22
151	22	https://www.amazon.com/Snapware-Airtight-Square-Plastic-Containers/dp/B01BH4BXLM/ref=sr_1_57?s=kitchen&srs=2600812011&ie=UTF8&qid=1480743631&sr=1-57		\N	f	151	*Small containers 	For pre-made meals during the semester: great for grab-and-go lunch	18
159	23		https://s-media-cache-ak0.pinimg.com/originals/bb/d1/83/bbd183bcdd22a75cc5a6f74f7d1bd630.jpg	\N	f	159	Leather Jacket	Preferably an older one. (It wouldn't have to be "vintage" per se, just well-worn or broken in). No color preference. A racer or bomber style would work.	19
161	23			\N	f	161	Fixed Jewelry	I have quite a few necklaces that need just a little repairing.	19
260	26			\N	f	260	Food Processor		7
163	23		http://dshowcase.com/wp-content/uploads/2014/11/gloves-fingerless-leather-black.jpg	\N	f	163	Fingerless Gloves	Preferably leather. (Let me have my aesthetic, okay?) 	19
261	26			\N	f	261	Yankee Candle "Angle Wings" scent	 	7
258	26			7	t	258	Sewing Machine		7
149	22	https://www.amazon.com/Chameleon-CHANGEABLE-Massage-Muscle-Roller/dp/B019E1HL8Y/ref=sr_1_16_a_it?ie=UTF8&qid=1480795450&sr=8-16&keywords=stick+roller		20	t	149	Stick roller	For running recovery. 	18
232	29			\N	f	232	Railing herb planter	I always need fresh herbs when I cook but often don't have them.  My apartment has a door that opens to a railing.  the railing measures 4 in across.  It faces east and probably gets 4 hours of direct sunlight a day.	25
156	22			7	t	156	*Chocolate/Coffee liqueur	The only thing I know is that the Starbucks Coffee Liqueur is almost dry, and it's no longer made. :-(\r\nFantastic on vanilla ice cream. 	18
147	22	https://www.amazon.com/Things-Bright-Beautiful-James-Herriot/dp/0312020309/ref=sr_1_2?ie=UTF8&qid=1480795765&sr=8-2&keywords=all+things+bright+and+beautiful		19	t	147	All Things Bright and Beautiful	Book by James Herriot\r\n(I have a Kindle account with my angiepangiemoore@hotmail.com email.)	18
155	22	http://www.celestialseasonings.com/		\N	f	155	Celestial Seasonings teas	Again, surprise me. :-) However, the "Fast Lane" would be greatly appreciated!	18
255	26			7	t	255	Burts bess Chapstick		7
256	26			7	t	256	Waffle Maker		7
157	22			19	f	157	Pecan praline 	Katie.	18
257	26			7	t	257	Whataburger Ketchup		7
171	26		https://images-na.ssl-images-amazon.com/images/I/419ZSCK5QWL._SX300_.jpg	\N	f	171	Fine mesh strainer		22
174	26	https://www.amazon.com/Cooks-Standard-Multi-Ply-Stainless-Steel-5-Quart/dp/B00421AYK4/ref=pd_sim_79_6?_encoding=UTF8&psc=1&refRID=WGS4X9KVC63RPRYZ03X6	https://images-na.ssl-images-amazon.com/images/I/71SL1uAv7oL._SL1500_.jpg	\N	f	174	5qt saute pan	Cooks standard 11in 5qt saute pan	22
175	26	https://www.amazon.com/dp/B00004SU1I/?tag=atkequippilot-20	https://images-na.ssl-images-amazon.com/images/I/81ZYYVTuQWL._SL1500_.jpg	\N	f	175	Metal measuring spoons		22
172	26			26	t	172	Knife sharpener		22
233	29			26	t	233	Business Books	My current book list.  Not sure which are good.\r\n\r\nWhy We Buy\r\nSuccess is not an accident\r\nBusiness Model Generation\r\nHow Zebras don't get ulcers\r\nLetting go\r\nGet a grip\r\nThe Goal\r\nIwoz\r\nHigh Output Management\r\nOnly the Paranoid Survive\r\nContagious\r\nBusiness Model Road Test\r\nThe E myth Revisited\r\nFast Lane Millionair\r\nTraction\r\nThe Second Machine Age	25
169	23		https://encrypted-tbn0.gstatic.com/shopping?q=tbn:ANd9GcS01y2Pr1UXH_ZBvH-vKVr6q5kvm4GwOt0k7bpolk2Bs2871iuOvgnwkk3nflyEiuIfGhvDtmQ&usqp=CAE	\N	f	169	St. Ambrose Medallion	I lost my old necklace (it was falling apart anyways). Doesn't need to be silver or anything, as long as it's durable for everyday wear. 18in chain, 3/4in medal preferably. 	19
167	23		data:image/jpeg;base64,/9j/4AAQSkZJRgABAQAAAQABAAD/2wCEAAkGBwgHBgkIBwgKCgkLDRYPDQwMDRsUFRAWIB0iIiAdHx8kKDQsJCYxJx8fLT0tMTU3Ojo6Iys/RD84QzQ5OjcBCgoKDQwNGg8PGjclHyU3Nzc3Nzc3Nzc3Nzc3Nzc3Nzc3Nzc3Nzc3Nzc3Nzc3Nzc3Nzc3Nzc3Nzc3Nzc3Nzc3N//AABEIAS4A/AMBIgACEQEDEQH/xAAcAAABBQEBAQAAAAAAAAAAAAAAAwQFBgcCAQj/xABJEAABAwIDAwkFAwgKAQUBAAABAAIDBBEFITEGEkEHEyJRYXGBkcEUMlKhsSPC0SQzQpKistLhFUNTYmNyc4Lw8TU0ZJOj4iX/xAAZAQEAAwEBAAAAAAAAAAAAAAAAAQMEAgX/xAAjEQEBAAICAgIDAQEBAAAAAAAAAQIRAzEhMhJBEyJRBFJx/9oADAMBAAIRAxEAPwDcUIQgEIQgEIQgEIQgEIQgEIXjnBoJJsBqgSqqiKkp5aid27FG0uceoBYdtxtri9XUuFNVz0kA92KGQsy7SNSrhtltIMRcaKhfelY673jSUj0HzWT7UC288dyycnJ8rqNXHx6m6Sj2hxF5AlxGqd1707j6qRhxiZ2RrZz1fbOy+apjZLG6kaWqytYeSrqyaW+HFJ93Kumv1iV34pzDi1fGd6PEqtrv7tS/8VVmVtho2/cndNUh9t6Np8FHl1qL5hW2eM4e9plnNZBxjnzPg7W/fdahguLUuM0DKyjfdjsi06sdxae1YbTOa+OwHgp7YfG3YNtDHDLIRSVpEUgJya79B3mbdx7Fbxcll1VXJxyzcbGhCFrZAhCEAhCEAhCEAhCEAhCEAhCEAhCEAhCEAhCEAhCi9ocZhwSgNTK0vcTuxxg23nfgotkm6mS26iQnljgifLM9rI2C7nONgAs42q2rkxMuo6Aujo9Hu0dL+A7FFYttBiOMNDaua0RO8IWCzR+PioxZOTm+XiNXHw6816detQG0lOZaWSwzsbKcfpdNa2MywEcSLqmLr0zG/alI5C05FFdF7JXzMtYBxyI4HNI71jfgdCtHx3FO9XR4JidSVJUVWxrmtcXC+hKhGHfNr27U4bMN5pF91ugXFx8JlXnCpQ9xz0bfReVpuHZ8depMdmHPNDPUyXs9+4zPgNT5m3glqiT3utV2eVjWNidvIMSZFQ4s9kFZYNZKTZsx9HdnHh1K9r5e3y0kcDwVr2d2+xnBQyIye2Ujf6ic5gdTXajxuOxaMObXjJnz4fvFu6FGbPY5R7QYbHXUDyWOyc13vRu4tPapNaJds9mghCFIEIQgEIQgEIQgEIQgEIQgEIQg5e5rGlziA0Zkk2soHENsMIowQ2c1D/hhG9n36KM5RMQLIIMPY63O/aSW+EZAed/JZ1f8pcw6lpPkf5rNyc1xuov4+KWbq4Ynt3XT3ZQxspWHRx6T/nkPJVaurqishkmqJ5JnnLekeSm8t2/ggj8hPVdZ8s8su2iY449QqNF66/ArgE71l6Tbq8Fy7F+BXL9LfJdhry2/ujtTYTQmYxsma91jcbwJFkRVL20oQyZtUy9zZjvRVlrns007lpWJ0jaunfE4BwcPe6ws5qqWSlqJIJBZzDbv6itfDnLNVm5cLvccmWQiwyHYE5w2nqa+tipIL77zmbe6OJ8kz3D1q8bI4eKHDzWy25+pHRPws/nr5LrPLGTbnDHK1LzxR0lMyCnaWxxts0KPkHRueOafPeZopWtFzaxd/wA4qIONUc87oJmmnkbkGvFvmsklrVdR44LwJWWMjNuYPUkrIhL7PbT4ns2Z5MOlaGucDJFI3eY/vGvE5iy0rZ/lToK1rWYtTPo3n+sjPOR+PEfNY3L+an/0vxXWHEupwSu8eTLHpzlhjl2+nqOspq6Bs9HPHPE7R8bgQl1834Viddh9U6Sgq5qZ4bdxjfbezFrjQ6cVuOxW0A2hwZlQ/dFVGdydo+LrHYdfPqWnj5Zl4Z8+K4+U+hCFaqCEIQCEIQCEIQCEIQCCheHTNBmG2k/P7Q1OeUQbGPAX+pKq9SNyoifp0rHxy9VLYlP7ViFTPfKSRzh3EqLq2B0Ls8+C83K7ytehjNYyPZ2i/Ykz/wCjeL6XCVed5od8TQUlz0cEchluWgXyUJLMaXC7PNR2KY1Q4UDz0m/N8DTmoXEsdr628OFQOZHoZLW8lH0Gy9VWz3qpLcXuOdv5ruYz7Rbfp4/FMY2jqTTUN4otXG9g1vW4qyYdh0OEwez0hMtQ+3OzPOv4DsTmlp4KSAUeHMDGNtvv4k9vWU4jaxotGd4DXO5v2pllvxETH+ko4dyPdFzqST1qubU4Tz8YqIW/axjO36Q6laT/ANJCoYHxm+dxcKMbq7TZtmuGUTq+vhpmX+0dYnqbxPktCqw0bsbRZjButA4Dgoelp48Jxt04AEdQN0ED3Dr81K1LrkkG67zy25xmiUcm6+zR0Dq3rTbFcGpsUj3rbkoFmvGo7COISzMjmlQTfeabHrC4lsu46sl7VEzYhgkohqWmWA+7c3B7j6KVgqIKxm/C7PiOIUzLHDVRmGoja4Hg4XB/BVnEcGlw95qKJznRjUcW9/WF3uZf+udWHsvRin3svsj6r3DsqcApma4TUbmOH2jgAnlEC2FvXZcpOIPzk5/yj5LROSGYsxurgvYSUu8R1kOFv3j5rO4Pzsv+cfQK8clUm7tgW396ke35tPouuP2jnk9K2ZCELcxBCEIBCEIBCEIBCEIBNcTl5jDqqa9tyF7vIFOlE7Vyc3s7XO64t3zy9VGV1KnHzWU6WXDhdpHYujohvFea9E3jH2EfY23ll6JI6lLsyic34Xn/AJ80iRmiCLYTLKI48r53I0SxaXtFPTdGIZPeeK6jfzMm8WkggghKxbjgfZ3Zalp1QNnbriaenyDfeI4dfilhEyNnRABt4ldNa1pd0NwuNzlqe9ePBtYceKBPhfiQk3dI6pR2RSbxbLW6CPxOlbPC5hyHZqD1qLoKxzg6Cf8AOxmx7VPy2Pf1quYzA6CYVUYsW5P7RwK6iEk3szXbTe/XwTSinE0YdfNPrBjN4mwRLw6deS4DzzrYxd+9wtoOvuSscbpelfm4/iIzPd+KZ4ji1PQtMVMN6U8Ade0lEI3F6dlJUscxrQJL3aNAR/2lqZwcAeHWouSWaql353XPAcApSkjPMntFlKC1KN2Ivdxu/wA1beSx+7tdTE6vZI39kn0VSmcN0MborNyeP5razCz1yOb5scpx9ojP1rd0IQt7CEIQgEIQgEIQgEIQgFXNvZeb2eez+1lY3539FY1TOUma1JQw/FK5/kLfeVfLdYV3xzecUQnK68GlwV14ZLh3yWBveRkb72HUtDgkHiz8knPPzMrJDoDn3cUvUizr27kQCLtzTd7CHXYbOHEZJwzMWQ9uRugbNxCSJ25PHzjPibqPDinEM0M7bwSDtH8imkrL6pMU7H5ubn1jUKdCQLSCbhJSAO0PYmvOVVPfm5RK0foyfiu2YhA8gTtMTzl0hl5qB28ZJjVxiRjg4XByIUgW3G9G7eb1ppMLajJSKzSc5R1xp83A5tJ4hTz5YKdnO1Mgc/gDoO4KMxeP7IzRj7SLpDu4phRWqn79Q8vPadF1pydV+K1FXcQFzI+viUwgo3uJcR3k8VM83G226BZcSOHutQNYqYA5J5cRQ2SzI9yK51TSqcLG2miJex9J11YdkZRBtJhTycva4x5m3qq7AOKkKSb2eognGsUjZB4G/ok8VF8x9JoXjSHAEaFer0GAIQhAIQhAIQhAIQhALPeUafexSmg/s4d79Zx/hWhLLdtpud2iqrG4jDGD9UH6lUc9/RdwT90J9Vw/I6LrRJuIN1jbEVix3W2J4J5SS+04dBLx3d13eMvRMcUG9IDwAIsvdnp3S01ZFYlsT2m9shvDS/8AtU/SEhG4B10o91xkm9jqClA5QOHtvouAN3gmuN1rqDDZZ4xd4ADcr2JNrqnnEcQif7RHWTSAi77no+Witw47nNxXlyTG6XSZ4t+Kayua8EOzCZUVaauEPeLP4gJcm/FcOyB52F/5NI5uel8vJLMxR4AbUR5fG1cEZ3PUk3SxZgkXblpxQOJTBM28ZGev4KvsidR1To3aX6J6wiorJm1B9ia0tabF1xZ5427E9ltV4ZHVhti0lpF82OFrjutmu7hcZuuJnMrqFQ/eaF1C3nJRfRMYpNApGnNguHRepfuMv8Iuot7i424JbEJt0MbfN7vkEnu55KQtHk0Jy2xbnxTS+Vk4jPRUJfRezlQavAMNqTrLSxuPeWi6kVXOTubntjsON77jXM/VcR6Kxr0MfMjBlNUIQhSgIQhAIQhAIQhAFY5jcvP4xXyfFUPsey9vRbDI4MY5x0aLrE3vMkjpPicXHxWb/Remj/PPNrhxysk3X3baZpV2fYm78gc+KytSLxN1mON8k/2Cg9o2X2gqD/VVcFj/ALXD76icYfuwvJVt5LKQnk42gncPztWS3tDGMP1ureOblVZ3WkVIA031zXjTlYZruqBF+9IREHU5KtYJ4WVMT4ZQHseLPB4qAl2bfEHx01U4QPtvNLRvEdVxwVjzaCBquHkkDPIBdTK49ObjL2h4KJtM0MbfJKbtiE4fmdUiRmO9cunJYD5r1sTN2xY3XiEo1ulkaZnVShX5cJq6WoD42GeAO3gGODXAdWenzT6tp5aLB7TtYyaqm510bPdZf9EdwCmAQYiOxNdsz0qZo0z+i7vJll4riYTHzEHTRFxupGNtmpCjHQATp+TVy7ReOslgqKJ0gsyaEyR9o33NPzalojdo7lK8pdL7INlsrb+EtJ7y8u+8oemddgXec04xuyt05izCQSsZ0VbttfJNNzuyvN/2NS9vnZ3qros75G5r4diUHwztf5tt91aItvF6Ri5PehCEKxwEIQgEIQgEIQgZ4xJzOE1snwwPP7JWNM0txWt7Vyc3s7Xnri3fM29VknWsn+i/tGr/AD9UFN6ggAJd2qaVbsws7RVfx6S0Dhdajya0/N8kMziLGVtVJ+04fdWTY8/7MjrK2nYtnM8kFMCLF2Hyv/W3j6rRxdVn5fpRK3JNINR2J7Wi90zjydkqIvdPuM0m8565LqRwB+iQkkaCAXje6ifRBw/wskzquyTbTL6pN2SDpp0Xbm9HJJNPSSozFurtQeMOQGhKa7YEmWC+uadsHTHemm1/52H/ADlT9oplSm7B2BLvNwmlK7opwD0gEonuWcAM2Tkb7pw2w8Nz8VUKQ9AK28sGeD7Fu4/0e/6RKnURyCu5e1XH0kB6Lth0XDV23JUrGm8jM1q3FIb+9FG8eBI9Vqix3kfl3dop4z/WUjvk5q2JbOG/oy83uEIQrVQQhCAQhCAQhCCvbdv3NmqgfE+Nv7QWXgjNaTyhv3cCa34p2j5E+izQdixc/u2cHqDmmNa6xy6k9ebFRte421ysqVtVfHZOjx6819A0dP7HyY01Pxjwpg/+sL53xu7mloGZBFl9LbRAUux9RGMg2nbH9GrTx+trPy9xlVVmE0a3d7U8lzAKaHq7VmjQY4nI+OnlkjF3NaXAdwVEa589SHy70skjveac/BaFMBoFB1OBU8shfGXRl2rWnLyV3HnMe1XJhcunmBVklTCWykkjRx1spJ+iSpaSOkj3GeaUdr2XVdu6sniOb/JJVVW6mpXzmB53W3APX2lOGi57F66JkzXxyi7HCxCTsvSpmur98Ttmk3jmQB0e6yncZqTW4fQVRaA6UBxA67G6Tfgs0UT4qWqDYXtLXBzAXAHUX/Dgl9ooW01PSU8fuxkNHg1W8mWN1pXx45TezCnNgnMWcgTWEdFOoPeVTtPcrQvs5sS//wBk9vyjVKoHaK98rLb7F7EyDQQvb+wz8FQKE6K7k+leCYbouwuIzku9AqVi5clcvN7XU7b/AJyORn7N/RbesA5P5ea2uwt3+Nu+bSPVb+tXB6s3N7BCEK9SEIQgEIQgEIQgqHKQ62FUrb61H3XLO7Z5cVf+Ux35LQt65HHyH81n5OeSw8/u28Po8eeCisQNr6KTf2KGxJ2ZuetVxZUC6P2nFaKD+1qI2H/c8D1X0RygziLZ50d85pWMHgd77qwLZ6P2jbHA4ra4hB8ng+i2TlMqHGpoKUHoBj5HDrJIA+jloxuuOqMvPJFNkALR1Jo7Im106e7ohNXdELNF5rMbZk8EgMz2apebPgkL9qkBvfMLg2sur34ZX4Ll2qDuMAL1os4k+a5bc8Uq0XPcg9Isxx7Ew2pz5rrEnoU9kdZpCZbVDKM/3/QqYioyD3U6h1TOmPRzTyPjZELTyk7lRyU7L1EdjzNQIj2HceCPNqzajPUrtjVV7RyWVVI4gmjxaJ7B1Ne13rvKi0h0V2d3jKrx8WxPQm7QlSMk3p3XYE54KlYlNlZeZ2hw1+lquL98L6MXzPh0nM1sEvwStf5G6+lwtP8An+2fn7j1CELQoCEIQCEIQCEIQUXlOOeGt/1T+4qGT0ld+U135Vh7eqOQ+Zb+Co989Fg5vet3D6R5JeygcUdY5qcmcLZZ5KuYs7M2XEd13sCwTcoeBMIy9pLv1WOPotF26qvadpp2A3bTsbH423j+8qHyTxGblJwt3CFs8h/+JzfvBWWuqPa8Qqqm9xNM94PYTl8ldndccirGb5Nm7tAc/JNXDPLTrTknoDqsmzrXKoi02lNj+ITbfYJN0uG91cUYpI+OmkfGLuawkDrVHhaKqqAe97pXuvvA/P8A5oruPj+avPk+K8u9V5YW7FG4HVSTwFsri7dOTjxCknakquzV07l3ANetLc41gKQN7JnVTVENJLNzTbsBI6XDgUk2W6PpH7zXW6khtRnFEcveH0Kqj31HRldJKZpOkHA2v2eGasVZUPq8EpJ5c3uAv3i4v8lZnx3HTjHP5I+A2KesKj2ZFPInZhcOhitSYsBxCDdJbU8yTbg5j7j5Od5qvUhyCsdTEJ6V8R0c0hVmkyyORBzXc846c2fsnaQ9FPBoo+kNwpBnBcOnoJAdbqK+nYX85Ex4/SaCvmMe8vpHApOewTD5b336aN3m0K/g7qjn6h8hCFpZwhCEAhCEAhCCgznlMffFaVl/dgv5uP4KmXJNyrZykOvj0Y+GmZ+89VJefye9buP0hOoPRNgqzi77PIurHUnoFVXFnXeVEdVLcl8/s+02I1QPSp8JqHsP94ljR83KfbZrcuqyqewszI6vFQXfaS0zIm5cOca85/7B5q1uyb4LrkvUc4TuvXnoDuTcmxS8xsM03Onqq47N5xvDMFQlRgNJLKZGgx3ObWnI+Cm5ikHnNdS2dIsl7IQU8VLHzcQSxztdea8V0LIl6G9i65kHIgEdRXUYBF0oTbyUCGqMChG+Yp5oonNs5jTqOq+tuxLYxE2nw2CFgAazdAHgnM7y5rh2JDaA3o2X1G6uvlb25+MnSFa25S8YIKRhTgHMIFwbtPYSq3Ozmq+ZnDeuPFWOL9LvUFijd3EL9bApx+0U5ojnmpNhyUVRnpBScaipKDgvobYt/ObJ4Q7qpI2+Qt6L564re+TmTnNjMNPU17fJ7greD2Vc/qsiEIWtlCEIQCEIQCEIQZbyiOvtE7sgYPqqqOJVl5QHA7SVI+FrB+yFWRdefn71uw9Yb1htG7uVUxR3TKs+IOtHkqliTumVETT/AGJZeprZOxrVb73sNM1VdiBlVu63tVpHvN71OfZj0JNEgeKWl0Tdx6yuXRB7s/FIWzKUmNtVGS4rSRzc26YBw1FsrqZLekWydn17CwXbR2JFjg+zmuBB4hLsGWeqhJVuXBeSHVe8PBNaipazeCAlN2uJsm2Nk+xNN+DPRN24lSyPdHzzQ7Sx60vjQ/IW36mLrVjncqMgzS4GaSptEvkCgUj1d15KGxvKriNuB+qmI/eJ7AorHQBNCe0hTj2i9OaU9IKUi0zUPTHMKWh0UVMOXaBbhyVSb+x1O34JZG/tE+qxAZtWx8j0u9s3URf2dW4ebWn8Vbw+6vm9V7QhC1sgQhCAQhCAQhVnb/G5MEwQSQSmKeWQMY4C5AGZPkLeKjK/GbTJu6Ujbp+9tPX9hYP2Gqvg5FLV+ISVtVLVVZc+aQ3e4ZXsLaeCZmojbe++vPt3bW+TUkNMTdZuSp+ISXkNyrTiEsD23cZfAgeirFe+m6RZDn8Tnkny0+SnFGSd2HH5LUn/ABB9FZW5vFswAVX9iW2wqR/xzHyyU+wXd4Jn3THpzMck2ef+kvUlNnaLl0Y4gJHU7+bydukDvVLiiZJPuTyc18Rdc26/HsV7kFxdNH0dPK4OkjaXDjZW8fJ8FWeHyM9nmSimO/vbl+jdTbcgkY2hjQGiwGgCUuBpZV27u1kmpp3I6zbBQOJRVLaaV7JHF2uQzt2KbcQdEkWg3ukurss3NKNFAZIHO3mANuczrbq7VY3vkfs/T86SXZC54i+SeOw2jc/nHwt3usC11xi9v6OiDQAAGeitz5Pkrww+JnT5RhK6pKD82lQFW7KN4/5fVRO0GsB7VLE2bfsUXtCLwwO4b9j5KcO0ZdGlMcwpeE9FRNJGwnN7gpSJrA384/xCUh5G7LNavyLzA0eKwg+5LG63e0j7qyNvNcTIewkBPKfEDh8RdFNJTxySMDyx5AJvkXddrkqcMvjltGc+WOn0yELlnujO/auluYghCEAhCEAss5d6KeXCKSpZIRCxxZIOAuQb+IafJamoHbTC58XwKWmpWNfMHte1hNt62o8iVznPDrHthmBzSTYRTPnbnY7va25t8rJaWxGTW+IT6rp/ZZn0szDDJEd10ZyLfBM5GN4OPiFgt3W6dIqttunot8lWq05uVmrWtIcOc4fD/NViv3Q52dxwXWPbnJadjHD+hSOqZw+isDMi61lXtjGWwdxOj53EeQHop2I5OPaoz9qnHpzUfOybk9SXlzOabPdcFcuiTyNLrgX46r0lDTZEO97JeXy/BeLwol6TY965Jujja64vmpQ6v5pnihvh8XYG+id3BGaZ4lb+j29zfqgaU/upclIUmhS9uKIdO93PqKj8cG9h4PUQVIHMeBTLFRvYe4dg+q6x7RekdRHMKWiItkB5KHoB7uYUxGLDVMuyOwRpYLjEqaasomRQXJdIAR13BHqlCY2/pjzVo2CwF20GLCJkzI4oQJZSdS2+g7Ux38vBlrXlvVNHzVPFGTfcYG367BKrwaL1b2EIQhAIQhAIKEFBiu28ENRtPiPPRMd9oBmL6NCrMuF02rWvbbg15AVo2tdvbS4if8YjyAUHKDY8F5+XtW/H1it12HsYTuFxNuJJUDWRbhI4q4ysu57jwCquLDdkeVON8oyW3Z2PmsEpLC283fPjcqRjsGeJ+qRoo+YoaeK3uRBtvAJZvuDLgub26nTiSw4JvKcjwS7+wJtJxUJJG1sl6Nb38F47Jeg5Ih6Twtn2LguuvN6xuNe1Jl3WpHd7aXXBdY34LzeF9e1eXBOiDu5IATbE/wDxzbD9Fv1CcA6JviX/AI4A/C394IGdHk1OTomtIck61CIejh3plihth0h7B9U9GQ8QmmLC2Gzd3qFM7L0goAMjZTUEEbmjoi6h4BaynKT3Aus0YlmU8bR0RZaPyNEMxyqZxdSm36zVngN1oPI8CdopyNG0jr/rNTj9ojk9K2JCELcxBCEIBCEIBCEIKxiuxGGYjVS1POVME0ri9xjeCCTqbEFVqv5N6/P2HEKeRvATMLD5gFaYhV3ixv07nJlPtk7OTHGJARNXUUQPFpc/5bo+qe4byQYNA90+N1MuIkD82AYYx22BJPnbsWlpjjk3s+DV0wNiyneR37pUTixx8p/JlfDDZSLEtybbLsC5GgHUAiSwaRwsujkFibTeXXJIOKXlOtkiQOKBErm+QHFLEDduSkH2JFs1KHJOa4K7Lb6LwtQccdF6O5dBueQK7Ay8EHBy46FNq/PD/wDb95LvOR70jVj/APnnuP7yBjSJ4BkmdMM8k9/RUocn3fEfVLw0TcQqIaF7yxtRI2MvAuW7xtdI/o5pzSzCnrIJz/UyNk8jf0QXqv5D42xtOFY3IJAM21cIcHdxba3kUyi5JNoY+j7ThhHXzz/4FtoIIuDcHRerZeLGsk5cox2Pknxm/TraADsc8/dVv2I2Jk2ZrZauaubUPki5vcZFuhuYN7km+nYrmhJxYy7LyZWaoQhCsVhCEIBCEIBCEIBCEIBRe08E9VgFdBStL5nxENaNT2KUQos3NJl1dvn+ZjmOdHI0teDYtcLEd4XLibLdMSwjD8UYG19JFOGm7S4ZjuIzVareTrDJiXUlRUU1/wBG++0eefzWW8GU6aZz43tlThkSkXE3NgtDn5M6sX5jFIHjgHwlvqVGVXJ1jMWftFA4f6rx9xV3jyn0snJjftS5DcWSPWrNUbIYnEbOko/CR38KZO2brmm2/TX4dN38KfG/w+U/qGAXVuCmW7M4g7SSm/Xd/ClWbJYk7PnKTxkd/Cnxv8PlEDYFdODbaqfbsfih0kovGV38K6Gw+MSvDGy0Fz1yv/gUfHL+HyisOYMyCkKlt8PePhDvqtAp+SvGZQDNiFBED8Ae/wCoCdjkiqXQyRyY7EA836NGcsrfGu/x5fxH5MP6yajT0jo3WlwcjfNHPHb91J/+08bySU2kmMTH/LAB6lT+LP8Ajn8uH9ZNmWlWrA9hsbxkscynNNSvAvPUdEEdg1P07Vp2A8n+BYNIJuadWTjR9VZwb3NtZWsADRd48H/TjLm/5cQR8zDHGCXbjQ251NglEIWlnCEIQCEIQCEIQf/Z	21	t	167	Peacoat	No color preference, as long as it isn't purple, yellow, or orange.	19
148	22	https://www.amazon.com/Runners-Remedy-Calf-Recovery-Sleeve/dp/B0076IKZYK/ref=cm_cr_arp_d_product_top?ie=UTF8 https://www.amazon.com/dp/B008O02AEW?ref_=pfb_9kmm9f00d5em4kch5gm50a03351n&tag=hydfbook0e-20&ascsubtag=pfb-P08-V01-O3-KNYDII		21	t	148	Compression socks/calf sleeves	For running. With insertable ice packs would be nice, but normal compression socks/sleeves work well, too. 	18
150	22			20	f	150	Running gloves		18
162	23		data:image/jpeg;base64,/9j/4AAQSkZJRgABAQAAAQABAAD/2wCEAAkGBw0NDQ0NDQ0NDQ0NDQ8NDQ0ODQ8NDQ0NFREXFhURFRUYHyogGBolGxMVIT0hJikuLjAuFx8/ODMvNygtLisBCgoKDQ0NDw4NFSsZFRk3LSsrLSsrKysrLTcrKysrKysrNysrLS0tKysrKystLS0tLSsrNy0rKzcrKystKysrK//AABEIAMYA/gMBIgACEQEDEQH/xAAcAAACAgMBAQAAAAAAAAAAAAAAAQIFAwYIBAf/xABGEAACAQEDBggMBQIEBwAAAAAAAQIDBAURITFRkZTRBgcSFzVTdIETFBYyQVVhcYSxsrMiUnKSoULSJUPB0yMzVGKDpPD/xAAWAQEBAQAAAAAAAAAAAAAAAAAAAQL/xAAXEQEBAQEAAAAAAAAAAAAAAAAAAREh/9oADAMBAAIRAxEAPwD7iAGG2WqFClVr1XyadGnOrUlg3hCMW28FnyIDMBofO5cnWWnZagc7lydZadlqAb4BoXO7cnWWnZagc7tx9badlq7gN9A0HnfuPrbTslXcLnhuLrbTslbcBv4Hz/niuLrbVsdbcHPFcXW2rZK24D6AB8/54ri621bHW3D54bi6207HW3Ab+BoHPDcPW2nY624OeG4ettOx1twG/gaBzxXD11p2OtuFzxXD11p2StuA+gAfP+eK4eutOyVtwLjiuHrrTsdbcB9AA0DnhuHrrTsdfcHPDcPXWnY6+4DfwNA54bh6607HX3Bzw3D11p2OvuA38DQOeG4eutGx19wc8Nw9daNjr7gN/A0HnhuHr7RsdfcHPDcPX2jY6+4DfgNA54bh6+0bHX3Bzw3D19o2OvuA3/AMDVuDXGBdV62h2ax1qkqypyq8mdCrSxhFpNpyWH9SNpAWBGqsneTIVc3eBMqOF/Rd49htP2pFuVHC/ou8ew2n7UgOWfQLB6A9BkbAxNPQQcXoMzYgMPIegXg5aDOSQHm8FLQPwMtB6kNBXk8BLQHi89B7UMDw+LT0LWHis9C1nvxACv8AFZ6FrF4pU0LWWRJICsViqaFrJqxVNC1lmhgVniVTQtYvE6mhay1ACq8SqaFrF4nU0LWWogKrxOpoWsXilTQtZaMTYFW7JU0LWLxWehayybIthFd4tPR/JCdKUVi1kLFs81sf4H718wN34iH/AI78DaPrpnRZzlxDdO/A2j66Z0aAEKubvJkKubvAmVHC/ou8uw2n7Ui3Kjhf0XeXYbT9mQHKzeQm2YW8hlQDABgCJISJIKESEMBjIgBLEaEiUUA4omhIkgGhiGACGxAITBsi2ANkGxsg2ANkGwbINgDZgtfmP3r5mYw2rzH3fMDduIbpz4G0fXTOjTnPiH6c+BtH10jowICFXN3kyFXN3gTKjhh0XeXYLV9mRblRwv6LvLsFq+zIDlL0GZGFZjOgAaAYDGRGFMZEYDJISJxQDSJpCSJJACRIEiQCABAAmwbItgJsi2DZBsAbINg2JgJiGIAMNp81+9GYx2hfhfvQG7cRPTnwNo+ukdFHO3EV058DaPrpHRIQEKubvJkKubvAmVHC/ou8uw2r7Mi3Kjhf0XeXYbV9mQHKSzGdGAzoBgIYUwENANEkhJGSKAIoyJCSJpACRJIEiQAIYgEJsGyLYA2QbBsi2AmyLYMQCYhgAgAeACwMdoX4X3GbAx2jzX3BG68RfTnwFo+ukdEHPHEX058BaPrpHQ4AQq5u8mQq5u8CSZU8L+i7y7BavsyLSl5sf0r5FXwv6LvLsFq+zIDlA9B5sT0IKYxDQDRNISROKAcUZEhRRNIBpEkgSGAwATABNg2QbAGyDYNkWwBsiAgBiGIAFgPAeACwHgPAAEYrR5r7jK2YLQ/w6gjd+Ivpz4C0fXSOiDnfiL6c+AtH10jogAIVc3eTIVs3eAUvNj+lfIq+GHRd5dgtX2ZFpS82P6V8ir4YdF3l2C1fZkBydoPQjzaD1RCmiaQkjJFAEUZIoIomkA0iaQkiSABgJsAbItg2RbAGyDYNiATExsQCAAAQDHgAsBgMBEWwbINgDZirebqMpCsvw6gjd+Ivpz4C0fXSOhznniNX+OLsFp+ukdDABjrZu8yGOtm7wHS82P6V8ir4YdFXl2C1fZkWlLzY/pXyKvhh0VeXYLV9mQHJkfQe2KPJFZj2xQVJIyRQooyJANImkJIkkA0hiE2A2yLYmyLYA2IBMBCY2IBAMQAA8AAMAGDARFsGyDYA2JDSJJBCSI1l+EyGOrmA3fiP6cXYLT9dI6EOe+I/pxdgtP10joQAMdbN3mQw2qajFNtLL6cnoBmslJYRitEUv4Krhh0XeXYLV9mRbRzIqOGPRV5dgtX2ZAcox9B7o4HiRNIK90cDImtKK7AkBYprSh8paUVrISAtHNaURc1pWsqGRYFvylpWsXKWlayoDAC35S0rWLlLStZUABbYrStYcpaUVOAAWvKWlBitKKtIkkBZ4rSh4rSiswGBYuS0oi5LSeAQHtcgPHgSSA9iwDE8qGEenEhVzGEAN+4j+nPgbR9dI6DOfOI/pz4G0fXSOgwAwWuiqkUpJNKWOX3MzmOtJJZWll9IE1mRW8J7POtd1upUoudSrY7RTpwWeU5UpJLWyxpvGMX7F8iQHKq4IXv6rvDZK24kuCN7+q7w2StuOqAA5Z8kb29V2/ZK24PJK9vVlv2StuOpgA5ZfBK9/Vd4bJW3EJcEr39V3hslbcdUgBym+CF8eq7w2StuI+R98eq7w2StuOrgA5Q8j749VXhslbcHkffHqu8Nkrbjq8AOOLRRnSnOnVhKnUpycJwmnGcJJ4OLTzMxctaVrPZwjtTrW211Xnq2qvU/dUbKhsD2Qak0llbyJLK2y6hwSvaSUo3Zb3F5U1ZarTXvwNYxLGlf1vhT8FG2WqNPJ+BV5pZMiwy5AHaqE6E5Uq0ZUqkHhKnNcmcXoaeYxqcfzLWeJvFtvK3nbzsEB71JPM08S98kL39V3hslbcatjkeGfB4e87Luyv4Wz0KvWUadT90E/wDUDlzyQvf1XeGyVtwLgfe/puu8M3/R1s+o6sADlNcD739V3hslbcTXBC9/Vd4bJW3HVIAcr+SN7+q7w2StuH5I3v6rvDZK246nADljyRvf1XeGyVtweSN7+q7w2StuOpwA+H8TvB68LNe7rWixWmz0o2OtB1K1GdKPLlOnhFOSyvI9R9wAAAhVzd5MUo4gKl5sfcvkSI0vNj+lfIkAAAAAAAAAAAAAAB5b1tSoWa0V5PCNGhVqyehRg5N/weo17hhesKNnq0lhOpOm+VFpNKGH9SeR46AOUa1OTbeKy5Xl9Jh8BL2azZL9vOdSrPBUUsXkjQpQ+SKGpUk3l5P7UgMPgJezWHgX7NaLCwWydN/hhSl+ujGp8y7jfdfD/kWHYaWIGqeBfs1oaoy9msuLxvSpUxUqdmj+izU4fIrIzeOZakBGFJ+zWdYcXlr8Pct2VMcX4nSpt/8AdTjyH/MWcw3fapRlF/8ADz5pU4SX8o6R4ubzhUsdKg1GE4x5aUYxhGSeV8mKSSy5cPaEbcAAFAAAAAAAAAAAAAAACbAIZl7kMAAAAAAAAAAAAAATzZAKq/r4jZYYRwdaa/BH8q/M/YfPbxtEpxm5ycpSxbbztsd6XhhWqO01FGpynynN4LuebArbReFnkmlXovJ6KsH/AKlYvXy6/aHIqzw0sqcG2bdftCM5Nx/F7VlKWFiaeWEv2sjUQsNlbLNXdLDHBlhdNGCz4L3tIv0qPJ8+H74lTXz23WZxK/Mzc74s0Hi45f05fka7UsUsfMn+1kWFddHl1I+9H2G5K8qEaUqb5MqeDi/aj5tctm5M4uUXFL0yWHzN5s9voRik69JezwkcX3YhmvsN0XhC1UY1Y5HmnH8k1nR7TQeAVpnK0zUOV4F03y21hFtea1/96Tfg1AAAFAAAAAAAAAABjrVOSscMcuBkMdeOK7wMiAAAAAAAAAAAAAAAAKu8OD1itLcq1nhKTzyi5U5P3uLWJVVOAF1y/wAma/8AJJ/MAAwS4uLsforL3Tg/nExS4sbsfptGuh/YAAY3xWXW/wCq0f8Ar/7Yuau6tNo12f8A2wABPiouh51X10P7CPNHc35a/wC6n/YAAZKfFRcsf8qo/fKH9pY2XgBdNLDk2dvDTUmvpaAAL+xWChZ48mhShTXp5McG/e87PSAAAmwAA5QcoAAOUHKAADlC5QAActGOvNYZcc4AFf/Z	20	t	162	Desktop Monitor	Doesn't need to be fancy or particularly high quality. Just functional. It would be helpful to have a second screen, especially for some homework assignments, references for drawing, and overall usefulness. (Would be really happy if it had a VGA input!)	19
168	23	http://www.kmart.com/insten-vga-to-s-video-3-rca/p-00328092000P?sid=KDx01192011x000001&gclid=CjwKEAiA94nCBRDxismumrL83icSJAAeeETQpnygAhPCFShEN2j5zA2UyGBuUjiHdXTobeUbTz-G9hoCJjTw_wcB&gclsrc=aw.ds	data:image/jpeg;base64,/9j/4AAQSkZJRgABAQAAAQABAAD/2wCEAAkGBwgHBgkIBwgKCgkLDRYPDQwMDRsUFRAWIB0iIiAdHx8kKDQsJCYxJx8fLT0tMTU3Ojo6Iys/RD84QzQ5OjcBCgoKDQwNGg8PGjclHyU3Nzc3Nzc3Nzc3Nzc3Nzc3Nzc3Nzc3Nzc3Nzc3Nzc3Nzc3Nzc3Nzc3Nzc3Nzc3Nzc3N//AABEIAL8AvwMBIgACEQEDEQH/xAAcAAEAAQUBAQAAAAAAAAAAAAAABgIDBQcIBAH/xABGEAABAgQDBQUEBgcHBAMAAAABAgMABAURBhIhEzFBUWEHInGBoRQykbEjQlJiwdEVM3KCouHwJENTY5LC8TRzstIWJVT/xAAaAQEAAgMBAAAAAAAAAAAAAAAAAQIDBAUG/8QAJREBAAICAgIBAwUAAAAAAAAAAAECAxEEIRIxBRMioTJBYXGx/9oADAMBAAIRAxEAPwDeMIQgEIQgEIQgEIQgEIQgEIQgEIQgEIQgEIQgEIQgEIQgEIQgEIQgEIQgEIwFYxjQaOstzU+hT402LI2i78rDd5xFKp2rIlwTK0laE8Fzrwa/hFz6wGyoRoepdsdVWShl2SY6NNkn4qMRud7QavNE7aefUD9UukD4XidDptSgkXUQPGKNs1/iI/1COUncRB43eaQsniVn84tfpWWX9Vxvqhf53hodaggi4j7HJzNRcbIMpVXmVfeH4i0ZOWxbi2T1las88kcEzJPoqGh09COeJPtbxZKZjNILyGxdZelRZI5kpA06xIaZ25JWQJ+mtK5qZdKfQg/OGhuaEQ2g9pWH63MsyrKphqZeVlQ2tq9z4pv6xLlOpTa/E2EQLkIth5s/WEVBaDuUk+cBVCKFOtp95aR4mKPaWb2ziAvQilLiFe6tJ8DFUAhCEAhCMJi3EUvhulKm3QFvKORhq/vr/IbzAVYlxLTsOSm2n3LuK/VMI1W4eg5dY1DiLHlSrS3GlvOy8t/+KSPeI/zFmwHnbwiOT0/O4hqD09PzC1AqspwaFRH1UckjdceA1uYtsgvHZyzSQyg2NtE3/E/OJ0KS/U3voaclqRQdMsskuOnxWfwix/8AGztA7PzqErvc+0vgk+Kdb+cbMw/2bz9Qlku1ibckWFapl2kWWR14DzBPO0SuR7NcLyoGeTcmVD6z7yjfyBA9IDSE640lsNqrLxSkWDUqlbaPgnKn0jAOtSRUTkeJvvIjqNvCOG2xZNCpv70sg/MQcwhhp0WXQab5SqB8hDY5Y9nklaZnE/tCBpKFjM0tK/MiOk53s0wlN3JpYZV9pl1aPS9vSI7PdjckCV0erTEurgl9CXB6W/GGxok09Lf60utfeKcyfiIvsUubWM8lMNzCBvLKrkeUbMq2DK3SUEz9KRPS6d8zTySoDqm1/S3WIjNUOVmgZmnLzqTqQjuPI8hv8RDY8Ugqtybocpz5U6nclh0tu+ASbFR6JvGXbxalx8y2JqJT591Oi0zsoG30/vgBQ87x7qPRna20GaZVmJmbAt7BV02Uu2/Zvp1J6EA+WsWZ8ztKW3T69ILldbIlKs2l6XVp/du7h+6R4w2M/hReAmK1J1OQlahTKhLlRal1PKeZcJQpNrm53Ekbt0Tt7FzKlFUusAiXdKGnBYuOixSPD3r+IjUKTSac4iak5GbkpxPdMuXtswpJGqkFXeB81CPqqmmbcUS4E7UpbuFaob3q8zu+Ea+XJak9Ox8fwMXIxzNp7/huk1qXWVhCQtsLbZQpCrZs9rkdADfyMVN1OWmFpCFqBceWkDnsiUnyuI06xU1oO2Dqmgbuqym2RpOiUjqfzjKyFanEvJKyMzSVFWnulZBKR8ASfziK8iP3Zcnw1o/Rbba5cBi4lVxpGuk4qmUjupTpxMeqWxXMJUNq0COJQoj03Rf61WrPxfI1vSfXEXEOLTuWr4xF5HEjD5ALpSq17OJt6iMuzNpWLhQUOYMZItE+mnk4+TH1aNMuJ1DNvaHLZtxtF9qaYd/VuoUeV9Y11i3FU1TKs3KS9KdnmkshbhZX3kk3Pu25WivC+JZPENRMi3LTbEylouKbeby6Agb/ADENwxzSY9tkRz/2rV1yqV59tpyzTDnscv0N++r43+Ajfzqsja1/ZSTHJtWmVPJlJhRuVvOKUfvEfziYUZdhsOMMsNENIV3Qo/UQBcnyAJjcHZ7g9qSYZqlQYyvkZpWXWP8Ap08FH/MI3nhuEa87M5dio12mszABQc/dPEgZreYSRHQETIQhCICEIQCEIQCIvijA9Kr+Z/J7JP70zTIsSfvD63z6xKIQHOWL6FVsPTuaeb+kvdEy0O46Bx8fX5xMMGY8lavKfobFzbUzLuAIDsykKA5By+8fe+PONpVSmylWknJOfZS6y4NQeB5g8D1jQeN8GzuFKgJhhSnJJZOydt/CeR/rwmBMsS9lexaW/hR4bLVRpk0sls/9te9B8bjwi9RqRT6VTUygYbeW4LOqWAouHeb34b4i2Hu1SaoVORT3pcTdrbFK1HM2Psiw1Tyva3O1gM3T67LYlcvKsmQn1i3sTjiTtQSCotkHfYHu7+V45Py2DNlxx9Oeo9wzYbxWzxVrBbMwFP0V0NLVrsFklC7G/dO8D08IiiXpqkTCpepyzrK1rKiXE+8eh3HhujYTU/3iHAUq3qTuO+yUdN2se11uWn5ZTM402+yrQpUm48uXjvjh4edlxfbk7j8u5h+RyV6v3H5a+E224BYixEVIIB+jcUnpe4+BjPLwHKFxS5Kdfl0qOiFAOAdNdfWMfO4UqskguMlE40kC5Zulzr3Df0MdKnOw3nXk6mLmce/UW1/all5QHeUknmBaMhJTcwXkpYWpKj9kxGEzRQspJOnMWiQ4XmCJsPJa22X6mbLceNj0jbjLEe50ycitaY7XmN6TKWpyXVmZnQgTKwAVrTckWAFyPARnqBTksTKn0logJtdtV/8AiMEmtShUEvpfllHQbVu6b/tJv8hEioZvNzYQPo27Iv8AaOtz6Rv0tjmI8Z28Xkva8zMsyoBSSDuMco4hp7kjM1OmqB2slMqUgc0gn8I6vjTXafhpSsQrnZZNnXUBVrfrB+e8f6ecZoYUFwXVVUqoyU6nvJbcS4AOI+sPhcecdNy77Uyw2+wsLadSFoUNygRcGOV6U20zNrpj52aHyVSjitAhzig9DGysB9ocvRaaqnVnauoaUdgpkBZGuqd+7iPPpCRuKERygY1otef9nlXltTB1S0+nKVeGpB8LxaxvjSTwoy0haQ/PP6tMZracVKPAfP4kQJRCNZYZ7UVTdSEpXmJeXadNm5hm4Sk8lXJ068PlsV6elGHENvTTDbjnuIW4AVeA4wHohCEAhCEAjEYvlvasMVRrYpeWZVwoQoX7wSSCOt4y8IDj5bTralIUrZPFO1mXf8NPBIi9JKdQUqYQJdJNw4RdxXW53esbP7V8CoknRVKc0lMg66nbMoRohXAfsk28DpxEQZbG2CnL3VyHARIkjWLFzUklupJMxOtAbOdSQla7XADmllWvodDu3xnqHWGJppIC8pTZJQreI1iFKaXYxkJKaU24lxtWVaTcERzub8djz1ma9WZseWY6n03AxMIVp7p4X4x60q15GIRS661MLCFnZvEFWUnfax3nz0iTSk2laQjOCU6XBjyGXDfFbxtGm1vamsYdkqrdwgMzJ3uoT737Q4xewrg6Yk5nOZmXWx3sym7kkEDTKQLG4j1tui11GyRxj1yc7sHUrAKU31PTqI6fxnIyxPj4TasfhkvycsYpx+XUvcug5HErQlCrEHQ5fSMtT5USjGTQqUoqURzi+2tDiAttQUk6gpNwYqj1FMVKTusa25s2mfZGHxPSP0tIWa0mmTnZPM8UnofnY8IxuKsd0vDjvsziXZqbAuWWbdz9onQeGpjGsdo1Nq+HKw9KByWqEnJOvezO2zEJSTmSRvA48Rx4RkVauxHTUTk44+0zs0/WA3KXxI5RGyC0sjlEvoNekatKqbWpDK0J72dVgB5xha2qQU8RKLLp4qAsn+cTAtSEyttxDjK1IcQQpKkmxBHER8xVValiGrNTU+porbl0slxJ9/KVG9uB72v9CPCFECwj4pSUAFxQSDuvx8BvPlFhdbUW28ubN1MXC+rVxazp7ylHcOpMeRTxCQohLab2zvG1/BIOvxv0i2pRIznvBP8AfTJypT4J0t/D5wG7Oy/HSakhNIqbxLyBaXmF3G0+5c7zyPH57Ljk1l91DiX2lKWto50uunZtoI3EJ0+OnjG7+zrHqK7LJkp90KqDKe87lypfHNN+I42vzisjYcIpQsLFxFUQEIQgMHjlSU4Qq6lpSbSyyMwuL20PxtHOiXTLuA70HS0dM12nJq9GnacpeQTLKm89r5SRofjHNlWp03Sp96n1FrZTDJspPAjgQeIPAxIpmWUPJ2jduekeAEtqitt5TRym5QfSPruVeqdbcTCOh6G1pdRlcFxGZpFTmJJQSSVNj0iLNTQCjskBZHFXuj84yshOOpcSpZQsX90IA+UanL4lORXUsuPJNU+rGK2MOTEgqdlFTLC7bRKTYi4Oo6jlEol6lRKnKsz1MqKFyzhOdP127C5uOHnzHOLrGFKZX5BqY9pTMSbzQy9wEkcj1B9eUYqQ7PUUaXn5SUYLiJteqr/UtbLzA42MYOBgtx8PjMd/6m1otb2zeE63Lz8+Gqcj+yrStQVmJva2uunHeImEYPDFAbozBJA2ywAbbkJ5D8Yzkb1N+Pal9eX2udcUyszLVydE4FF0vqKyeJJvf1/nGAKlSs4HW8yHmybaW3ix05EEgjiCY3j2nYeTPUtyqS6P7TKIK1hI1Wga/EfKNUYwZRkYmJZpTr7y8rSEfXBBVqeFgDF1EbabaZTlaQlA5AQcdCDlUSVfYSLq+HDzsI8ofLhttCT/AIcvv81fzEL5Ltkhux/Usaq8zw9IsLq3ilWRag2TuQkZ3D+X9axbJ2RucrBXxV9I6v5/7o+G7fdJEuFa5GxmcV1v+PrHz9V3gEsBX1l99xfz/wB0BWDlO0slu+m2mDdR6Afh6R9On0oF8v8AfzJsE+CdLfw+cUgZSXsoRw28wbqPQD8L+UCkq+kSkryj9dMaBPgNLfw+cB8H0nfALuXXav8AdQnqE6fh4x6ZGbfZmWn5Vx515tQUgoOzbSocevwPjHlA2qhZKplQ1Cl91tPUD8QPOKk/TnLdU0Tps2+635ncf4oDojs6xYziGR2a3EGdYADyUEFJ6g/1aJpHK9Hq8zR6izNSz/8AaGFBSWZdIsOiifgQSPCOicHYnlcS01Lrakom0JHtDA+oenSIkZ+EIRARFseYPl8U0/uZWaiwD7O+f/BX3T6b+YMphAcpz8pMSc29JzjKmZllWVxte8H+txjFzbi0lLOYgLOp6R0b2iYIaxPKe1SYQ1VmE2acOgdT9hX4Hgel451qjDzNSTLTDLiJpteyUyU98Kv7tufSJF9lpT7jEtJMqdedUENMtC6lq5ARt/DmA5SnyCTWrGZy5nEocslvxV056D5xA+zun1BvEM0/KK9nqdPZK2Wnk2C1ZsqkKBFxoSDxF4yGM8ROYon5hExnalGyAlhtyyFgDUm3vAm+/kIhLYuCqtQJCtP0SQq4dVMd9iXUF2zJHeyrICVaWNgTuifRz/2UUeYreNWqghtSKfSFKW46VEpW6U5UoT4A3IG63UR0BBBCEID4QCCCLg7xGhsdSoZnZ2TaSG9i69scotkCm1hIHL3hG+o1f2s0BxH/AN3LJJaUtoTVt6LKSM3gRp/zAaZqksmTeyIu2yXFNsMMg5lpSBdRP9cY8wUGxsyUsDg0zqv+Xjp4xnHUrmmEpScjy20tFY3pCixmt/qV8IwjyPZ1kpHs8u6tWxHvOuAG1/6F4kL7JItll0rN/tOLPPj+PjBP0aS4AGQo22rxzLV5c/j4R8H0YLlksBW9x05lq+evx8I+oBJLiEagavzB3Dw4DzHhEj6kW+lSndoX5k7vAf8AHhFSU7ZV0pU+oahbvdQnqBb5AeMUJ7ysyEl9Y3OO6IT4D8gPGLpZ2n/ULLv3bWQP3fzvAWlBL29Rmfuo0bB6ncf4ovBlbgs8uyP8NvQeZ3n5dIug2Gmgj7fiTEiptKUJCUJCUjcALCMpQqzOUSoNTsi5kcQfJQ4gjiDGNZbceUEtIUoqNgAN55RN8Odns/PFDtQIlGt9nRdZ/c/9iPCGxtzCmJJTEtNTMyxyPJ0eYJ1bV+I5H8YzcQWl0GSoWI6MmQW8VOpfS6VqBzAIuNABbU/KJ1FAhCEAjzfo6R9v9v8AY5f23Lk9o2Sdpl5ZrXtHphAYiew1SZ2opqTkqlE+kZfaG1FCiLWsq2ivO8a6l+xJtc6TUsQPvyIVoy1LpbcWBuC13N9NN3wjbkIDxUilSNFp7VPpcs3LSrQshtA9TzPU6x7YQgEIQgEUOtoeaW06hK21pKVJULhQO8ERXCA58x7h13CVWOzC1U9665Z1RBJISpRQeoyp8RbrEZm5czK3EsBCHV5GQ6ofq0hx3MR5JHpHSuJaFJ4ipD1PnUJIWDs3Cm5aXYgKHUXPkSOMc81ORmqHWXabPoKXW3QkqsQlac6e+nmDtD6wEXZT3iplBIPuvvXJWOYEXw0CoKdUXFDcVbh4DcPKM6qTE1R5UoSEuIZTbyFrRhDcEg7xpFoFV4+5rQbZfeXs5dh15y18jabkDmeQ8YknZ/S5CqVNbdZS6yhG6wGW+uilnQEkEAAEmxtuMJmIGEk5CbnVpTLMLcUr3QlNyrwHGNgYe7Mnn2kzFXdMunQlvQq8OQ87npE8kWadRZK9Kk20MFWQquO8TuuSbnzJ3wm5lTgZAK8xvtADYAdIruZTpTIylDo/0UlLBt7Jbbka2/aI0HwHSMFUZ2qy7p2LqZZDib7ZbW2DVlAe6CLmxvv+O45OoTCGAJ2oTTUuyEZErdITmA1sOKiNdAOcRWSx5RanWEUuntT8yHkqSgiXADqgLjKM2bcCNQOG6K6SmlBTMrrVIE7MtzbzcnMLVMNt5EuXLYBtcgaHnEziP4Xpk1IsJL6SylXeDKykqbuNU3Sbb4kEWVIQhAIQhAIQhAIQhAIQhAIQhAIh3aPhBOJaaJiUQP0rKpPs5KrBYuCUHhrl0PA9CYmMIDmWkvES5bWCMri02IsQQoi3pFyiU6WqFbmjOBfssqyp95DarKWlKkptfh71z4RsDtWwx7O9+npBoBlzuziEC2VROjnnuPW3MxCMGNOzmIqhINzAl3p6mzEuhzLmyqORV7eCTBKey05RJiRNNoJlE5AlSmWCM2VW5SuJOupOsQeoShnsfSKJhtTdPYnAhTbfulKdM3nlF+l4ndJw7+hadKScq4LNJAzcG127x5lCjqQdRe46RB515vFopN81RS8lZKUmyQVZgT5G8VWTurTtNpTbiKpNsyrabqyZtVgfZQNVfCITXO0d3YLVQJMIZtlM5M2UtKyFWsjVI3X1zctIiGIKguoYiqE868rMp5RaUBe+VXc9AIroeHMQYnmlrpUgpRdzB6bV3GyVE5ipR0ub6hPwhO1WHrc47UZtxyqzjk+Vk7CdcUSsJBV9S+mY20Pu8IkHZfRqniDGchPS6V7KTmUvzM0EWQnLrl3WurdYc7xsnC/YxSpLJMYheNRfGuwRdDCT14q87A8o2ZKSsvJSzctJsNMMNjKhppASlI5ADdEwL0IQiUEIQgEIQgEIQgEIQgEIQgEIQgEIQgLcyw1NS7kvMNpcZdSULQoaKB0IMaFruDMSULF6Th2Vm3jcrk5lpsKCUkZSFKV3UkAkd7fvjf0IDXGDcC4glaimr4kxDMOPkWMm05nQRyUVDLy0SkW4GJyKRT0tONolGkBxe0WpKbKUv7RO8nqfCPdCAgtI7KcNU6aL7yJie710NzSwUJ6WAGb968ThptDTaW2kJQhIslKRYAcgIqhAIQhAIQhAIQhAIQhAIQhAIQhAIQhAIQhAIQhAIQhAIQhAIQhAIQhAIQhAIQhAIQhAIQhAIQhAIQhAf//Z	20	t	168	VGA Converter	Only if I get a monitor. A VGA converter would allow me to hook up the Wii. 	19
165	24	http://www.apple.com/apple-watch-series-2/	data:image/jpeg;base64,/9j/4AAQSkZJRgABAQAAAQABAAD/2wCEAAkGBwgHBgkIBwgKCgkLDRYPDQwMDRsUFRAWIB0iIiAdHx8kKDQsJCYxJx8fLT0tMTU3Ojo6Iys/RD84QzQ5OjcBCgoKDQwNGg8PGjclHyU3Nzc3Nzc3Nzc3Nzc3Nzc3Nzc3Nzc3Nzc3Nzc3Nzc3Nzc3Nzc3Nzc3Nzc3Nzc3Nzc3N//AABEIARAA/wMBIgACEQEDEQH/xAAcAAABBAMBAAAAAAAAAAAAAAAAAgMEBwEFBgj/xABKEAABAwICBgQJCQYFAwUAAAABAAIDBBEFIQYHEjFBURMiYXEyM1JzgZGhscEUIzQ1QnJ0wtEVJDZTYoJDorLh4oOS8BYlJmTS/8QAGAEBAQEBAQAAAAAAAAAAAAAAAAECAwT/xAAdEQEBAAIDAQEBAAAAAAAAAAAAAQIRAxIxUSEi/9oADAMBAAIRAxEAPwC8UIQgEIQgEIQgEIQgEIWCbIMrFwue0k0vwrR8FtTL0tSR1aeLN3p5KsMe1hY3ipdHSvbQ0xyDIs3Edrv0si6XBieO4VhTdrEK+CDsc7M+jeuRxDWng0BIoaeqqjwds7DT68/YqiftyvL5Xuked7nm5PpWdi6Lp3NbrVxaUkUdHTQDgXXeVpanTvSapJviTogeETGtWgDEoM7FF0nS6QY7N4zGK4907h7lFfXYhJ42vq3/AHp3H4rDY78E+yAAXdZBG26lxznlP/Ucn45q+OxZWVTPuzOHxWJqiKmbmQtVPjIJIjz7kHS0+O49Sm8OMVY+9KXe9bqh1h6Q0tunkp6pvESMsfWFW5rap+bY3W7Vj5TWDfEShpeOE6zsPnc1mKU0lI475Gddnsz967eirqSvgbPRVEc8Ttz43XC8ssxNzXbMjS09q3WCaQVeGTifDql8D757ObXd43FVNPSqFxOh+n1JjLmUmIBlNXHIWPUk7jwPYu1BujLKEIQCEIQCEIQCEIQCEIQCEIQCEJE0rIYnSyvDI2C7nONgAgzI9sbS97g1oFy5xsAFVumesV8hkodHn7LfBfVjefufqtbp5prJjcrqDDXuZh7CQ5wyMx59y41rLIshLg6R5fI5znuzc5xuSeZWQxOBqVsqNGw3JKDUsNStlAgNS2R3SmtN0+AGNuUCQ1sbbmy1OJ4m2IFkWb91lPq6bE6nD6isoKKWengNpJGNuGrjwSXFxcSTxQSHGSd21O/fwun4nwRNsLXUH0oQbMVrfsuShV3PhLVLIJQbjahlbaRjXd6jS0Oz16WSx8glRGyOG4qVDUcHFAqlrXMf0cwLHj1q2NBNYBhEeH47LtRmzYqlxuW9juY7VVU8DKtnJ43OTNLVPp5DDOPTzVLHq9j2vYHsIc0i4I3EJSpvQLTl2FujoMSe59A7JkhNzD/x9yuGORssbXxua5rhdrgbghGC0IQgEIQgEIQgEIQgEISJJGRRukke1jGi7nONgAgzI5rGOc5wa1ouSTYAKntPtMH4zK7DsNkc3D2HrvH+OR+X3pzTrTN+Lvdh+FvLKBps+QGxmP8A+feuNGy3IW9CLCGx2TgYs7Q5hZ2hzUUbKzsrG32rO32oMgLIagP7UsEc0GWNsc0qlpJ8UxKnw+lBMk7tnsaOJ9SHkBhXY6n6Fk1diOIvAL4mthj7L5n3BBYeC4VTYNhkNBSMAjjbn/UeJPaVXOsfVpHUxy4to7AGVI601IzJsg4lo4Hs4q1ghVnbyIWm5BFiMiDvBWNlW9re0I6smkOEw2IzrIm8R5Y+KqPgo0TsoslWRZFYRuWbIQSYJ7EAp+phFVFyePBK16mU0xBQIoaotf0M+Tm5KztXumzsNkZh2KSF1C82jkJzhP6KsMSg6oqIvCbv7k5h1WXts7kqV6ta4PaHMN2ncUpVXqy0v6Ix4NiMnzTjamkcfBPk93JWojAQhCAQhCAWLrD3NY0ueQGtFyTwCrfENYcVfictJh5DaKIH58mxmO7q9nbxQd/NXU8RI29p3Jua4jSql0h0jJpo5IaPDwfFgkuk+8R7lE/9WUkYIJ/zJp2mdE3iz1rF7NS4xrGauq77VdEO6Mp5urme3WxFvoj/AN1IfpzQt4xexMP1gUDPtQ+xOuX1e2Pwsau7eHiZH9gSxq8pvt4nJ6NlQ36yaBn+JEPUmH60KJmQnYO5OuX07T43DdXtBbrYhOR2Ob+iebq/wpu+rnd/1B+i5p+tajByn9V0w7WxTZ/Ov9qdb9O0+OyZoJgwyM8h75bJ06AYfYbHTZ8RKVX0+tOnkBHSPPZslMUGt6fDqxjqeCSen2h0kbjYFvG3Iqdb9XtPjssY0CmggfJRTPcQCdh+d/So2qzFhheN1WG1toxV22drK0jeB7x7lYlJi9LjOE09fQv26apjD2O42PA8iq506wUtn/aFI3IkGTYyLT5SkurpbNza4uCyuN1c6TSY3QPpa43raUAF38xvA967JdXIiVjJI3RyNDmOFnNIuCF5n06waHR/Sutw6mdeAOEkQ8lrs9n0L02vN+smT5XprjErcxHKIwfutAPtBUWOXssWWWkkZrNkaIQlWSXEBAWSmOLXBSK/D63DpGx11NLC57dpu2MnDmDuI7lHQT4Xh7S1wuDktS9po6si/VJyUyB9in30P7SqKeESsic94YHv3NJ5oJNHNdoN8xYghX7oFjpxzBGOmcHVUHzcp4kjcfSF5+fQ1mD182G4jEY6qA2c29wQdxB4gqxtUVY6LSCWlLupUU5Nv6mkfAlVKuFCEIyEIQUHGa0MQkgwIUEDi11aS2Rw3iIZu9e70lUbU2Dzs5AZCytrWbNtYj0d84qQHu2nf8VUk/hFBFkJ4lR5E/Io8iCPIo0gCkvUaTegYfkmHgck+9MPQMuAtuSE45NoC6epBeQXTKepPGBBfepKtdLg9ZhjzfoHiRg5B2/2rs66Jsh2C27TlY8VWmpSXZxypivlJSm452I/VWjUg9MO9cOSfrth4YwLBKPBp3VlJF0bprB5ubWXXLSyi1CVt4jtRtdzAK3x1nOMvcGtLjuAuV5krHmtrKyqdmZ6iSQnvcSvSOLvMeFVjwbFsDz/AJSvN9GL09+K2xGmlbsSuas2U99CamOunYevSwiXZ8pu0A71A3Ws6QEBGi7JUbWnfa6ZMoSelHNBvajSaqqtH2YLWQx1EUJBpp35SQW4X4jsWmtkEgy/1JPSDykDoOy4FSg8GNwuRllZQDILb7rIqMrA58Ag6nSLFmY5JhNbvqhQNhqbeWx7hn3jP0rptVcZOl8GXi4JCfVb4qv8NiIBJ3uN1aupyj28Sr60g2iibE09pNz7gqlWuhCEZCEIQVXrHP8A7zWdlPEPa5VZP4blaOsX67r/ADEP5lV028oIsijyKRJyTJY6Q7LTY77dyCLImHtccg0kk2HepcvRta4NJcXNaQeR4piaokLy5tm/OF4HIoIcjTlkc1Hephme0t3HZBt6d6YeY3sIIsWsDWjyjfeUEVybT9RGY3uac7GxI3XTCAT1L45qZT1L41qC3NTR/wDkh/Cv94Vs1Tmtm6zgO9VJqdNtJAf/AK0nwXcYlTy4w6WsqJS3D2PLIYWm3SkGxc48uQ9K4cnrtx+OqdUwS0ZbFNG9w3hrwStzSfRovuD3KvcNwpoZ+7xsjbx2csl0mDV81NNHS1L9qJ2TCd7TyTDLVM8W9rYBVUc9Od0sbmesWXmtgdR1E1FUNLJYZDG4HgQbH3L013KnNcWjRpK1uPUjCIakhlSB9l/B3p3Lu5RxEzHDaLHObtNLSWneDvBWnkw22TJCByUmOeQC21klmUnko01poH/zfYkmiI+2tkXHsSTY8EGvZSND2mQuc0HMDK6HUrC47LnBt8hyU/ZaeCAxvJBr/krfKcnaej617ZeUVNaxvIJ0ZIHqVgAytkrv1W0HyPReOYts+re6W/Mbh7AqQi6sbjyF16PwCKOHBMPjhN4208eyRy2QqlbBCEIyEIQgqnWL9d1/mIfzKrpt5Vo6xfrqv8xD+ZVdNvKCM4E3DQTxNt9k3O4DqRkFoN2uGRHYpD7xNv12yHceBBUKS3JBHkUeRSHqPIgjvTD0+9MPQDJW7Ijmv0YJdYbybJmSJ8btmRuy617Lc6LaNYjpTi7MOwyO7nZySEdWJvMqVpvo9Do7jtVhdJWfLvk7WulqN1iR4Nr2yQcynqXxrUynqXxzUFo6rpDFi00g3topSPUFY9Zelw2jpWnJrGj2KutVcZmxqSIb30crR6QF2FdXmaipZHZPAG0L8RkR61w5PXbj8dph8bW0EZA8IXuodc3Zjc5uTm9YHlZPYVVNloWNBvYexR66TaAjb4chDGjmTkubpt10D9uGN/lNBTGLYfBiuHVFBVt2oKiMseO/j3jepELNiNjPJACWvVPHleXMXw2fB8WqsOqL7cEhbtEeEOB9IUcblY2u7CRBidDisTcqlhhkP9Tcx7CfUq5ZbhuRuM2RZKRZBiyAEpAQYATjQkgJxoQLf1aV57Ff+gVUavRDC5HG7mwiMn7uXwVA1OVI9XRqjn6XRFrL5xzPb8VUrtkIQjIQhCCqdYv13X+Yh/Mqum8O2ZzzAVoaxfruv8xD+ZVle0t+k6O2YJ5oItQRchrnFnAO4KLIFIlJNycyUyHmORkjbXY4OF+woI0zHMfsvaWOG8OFj6lEk3q5HQ4PrSwsGERYfpJSsAIPgzC3tb7QqmxXDa3DK6Whr6d8NTG7ZLHDj2cwg1r1stF9GsR0pxaPDsMiJJN5ZiOpC3yifhxUjRXRjEdKcVbQYa3MWM0rh1Ym8z+nFd9pTpPhmgGEP0U0OcH15batxAWJDjvz8r2BAaUaR4Xq6wZ2i+hr2vxR+VbXixcw2zz8rkOCp1snSTF9S6SQucS/rdZ57SViRznOLnuLnE3LicyU21xa4EGxBuCgHtLSQQW24HeE7S+Oak1BBeSJTLcXLnCxJSqXxzUFs6nhfSVv4Z/wXV6UYPVwVUk2Hwumhldtvhbk5ruJb38lyupz+KGfhpPgrdqc5ADxK4cnrth44XCJcVDOjjo6xob/ADInM2fScl2+juCztlbiGJODpbXjjvfZvxPapVZb5I1bai+iQ/cHuTCfpndQ8soQu7i47WvhwxDQurcG3kpi2duW7ZOfsJVBxnIL1Fi1OKrDKuncARJC9ufaF5eY0scWHe0lvqKjUOLKyAs2RSVkBZssgIABONSAE6wIMVn0NytjUtLtYPXRX8GcO9bVVFcP3J6svUlJliUf9Mbh7VUq00IQjIQhCCqdY315X+Yh/Mqy621JsiM5G+3b2KzNYv15X+Yh/MqxeAXuDmudyDTmghv3KPIpEijyIE01XUUNVHVUcz4Z43bTJGGxBXbVWPw6wZsOpsQjbR4xSjaFRGzaZUAZuBAzBsLjtXBvRQvdHiNM+NxY4SCzmmxCDrptLJNDsIrdGdH/AKS+QmpxI5OJO8MHADcCe1V3K4ueXOJcSbkneSpEzi57ySSS4kkm9yoz0hTTk2luSED9UHhsZkbE27eqI7e23FYpfHNWJwwABkb2G3WDuazS+OagtrU5/Ezfwz/grZrHWlGfFVNqd/idn4d/wVnY3OYCNhhfIXWY0cSuHL67cfjZ1B/cgtzR/RYfuBcrQsxN9D0tfLA2+fQsbfZHLa4ldVRfRYPuD3K8ach9CELs5MOFxZeXq9nR4pWM8meQf5ivUS8xYx9e4j+Kl/1FRYYASrIYFucC0frMZc90Q6OBmT5HDLuHNS3TfrTFYVkN0IwplD0kj53yH7W3bPusuex/RKpwym+WwOM1MfCv4TO08wpM5V61zYCcYEloCdaFpkmuH7jJ3KwdSbv3zEW84Yz7Sq/r8qB9+S7/AFKi1fX/AIdnvKqVbaEIRkIQhBVGsX69rvMQ/mVZOJEp65YL2JCs3WL9e13mIfzKr5j1ycsjxQRpbXNiSOBKjSKZUnaO0XhzjvtlbsUORBHkWKT6bB5xvvWZFik+mwecb70EGXwnd5Ud6kS+E7vKjvUgZcktAJG0bC+aU5OU/VLpGuiuweDJbrBUJqXF0hvL0oAsH7rhZpfHNTJN09S+OagtnU7/ABMz8O/4K0a4bWL04P2WSOHeG/7qr9Tv8TM/Dv8AgrRrPreHzU3+lcOX11w8TWm+HnuW8ofokHm2+5aJn1ee5b2h+hwebb7leM5PD6EIXZyY4rzFiZ2sYrnc6mQ/5ivTrvBPcvL9Wb19Secz/wDUVFhyjhdU1EcLPCe4NCtfBOjw6COitaIZA9vNV3oi1pxyAkeCHH02ViBnTO2WsJPYuPJf3TthGwLTstgd/MN+5MV0xqwYGi8Ntki28JeySwxSPuWnZcWn2KZDTxsGW5cm1O4nSGixGopj/hvIHdvHvTDQtzpiWnSWt2eDmg94aFqWheqeOBnEsqBwVhalh++155U7PeVXeLn93awfaIVl6mo7T4i7h0cY960lWihCEZCEIQVPrG+vq7zEP5lWE3hO71Z+sb6+rvMQ/mVYTeE7vQMl12OYXNazect/YoknaLdikO58ue4pDvnjmfnDdznHcAAggyLFJ9Ng8433pUjXDeN+foSaT6bB5xvvQQZfCd3lR3qRL4Tu8phwuDyUgYcE7OejaIfm37OYkbvIKWb05NjaZri1zSLgtIUS6oE9S+OamU9S+OagtnU7/EzPw7/grTrPreHzU3+lVbqc/iZv4aT4K060WxWn7Y5R/lXDk9dcPEqP6vPct7Q/RIPNt9y0cX0G3Yt5RfRIPNt9yvEcnh9CELs5MHMWXmOvYYsUrInCxZUSNI/uK9OFeedPqI4fprikJbZskgmj7Q8A++6LDGjc7aXGqWWQ2j29lx5A5K3qiSLDqZxbnI4ZFUgF1eHaTukp2U+IucdjIS23jkVy5MduuFdzhDTLA7a3k7XpT1TUMoKeSad2yyNpJJWno9JsHo4A59W1xA8BjSSuS0p0llxuXo4mGGkYcmcXnm79FzxwtbuUaisqXVlbPUv8KV5cfSsMCaYndprG7R4BeiOKBiTturgiG4dYq29TsVqXEZOG2xvsVPUp+V1zpSeNm9yu/VNDsaPzy/zah3sACqV3CEIRkIQhBU+sb69rfw8P5lWE3hO71aWsppGO1H9VLEfa5VbN4Tu9BFkUeRSJFHkQNyyFzXB4BJsAfJASWPibVMkB2QJ7gcA26TIo8iBLuhBBdcgl20Bw5FR3zWaQwAbUYY4cDnv9yU9MPQMv7c0hLckKAT1L41qZT1N4wKi2tTf8TN/DP94VpY1FNJsvpXNbURu2oy4XF7Wseyyq/U0L6SOPKkf72q2Kvxo71w5PXbj8RsOqql1CIquimhmAs47I2D2g3XU0f0WH7g9y1E/0P0LcUuVNF9xvuV4kzPIQhdnIKj9dtZENLKKFob0kdIOkPE3cbD2H1q7zvXmrWNWftXTDFalrtprZeijI4NYA33gosQon3ATwWopagtOw85rYRyA7io0khZCZD+1Bma0EkhBJDrC61uJVm20wx7zvKaqK5zupFnfeVijpy54LsyeaDY4ZD0bLncr61e0/QaJUOWcrTJ6z+llSMMZ2A1g6zjstHMncvRGG0zaLD6albuhibH6hZVKlIQhGQsFZQgrnWhSn5VTVAHVlgdGTzINx7CVUFSzZe4WsvReluD/tnBpII7CojPSQk+UOHcRcelUJi9G+Koe17TG8GzmOGbT2oNG/co8ilyRP8kqNIx3kn1IIsijSFSpGP8k+pRpGO4tPqQR3ph6kOa7ySmJARvCBhybS3pCAT1N40JlLidsuBQXVqUi2sRraj7LIA2/aT/srKrHfOt71x2qnD3YTo301S3ZnrD0haRYtbbqj1Zrc45jEOHwGeY8bBo3uPILzZ3tfx3wmp+uiedumaxuZK37W7LQ0cBZV5q7xus0graoTQRspqexaWg5HkTz4qxV148dOedCEIXRhrdIsRZhOCVte82EMLnDv4e1eaLGYOkfm55Lie0lW/rqxbocLpMJid16p/SSAeQ3/AJW9Sqa2yLI1GvmpwTlvTQErPBJWzIBTckYLDbeorWuqZG5OfZLEUkli5xseS6jQbRGlx+WpxDGKg0+EUXjnXsZHcGg8O1QqmOl+VTGhjMdMXnomE3IbwQa+Gma22S2NJGNu4G5N2sFLpGWAvxQdFobQ/tDSXD4dm7GP6Zw7G5++yvJVtqmw/amrsScMmWgj9594VlKs0IQhECEIQC5nSrRChx4dJboKu2UrctrvC6ZYQUliWg9bRPd0zJtgbpGR7TfYtQdHmuNhWR37Wr0IVwmnmgMWNMkrsIIpsSGZAOyybvtuPasXG/WtxWp0XeTlVQn0FIdopPwqKf2rR1Da6jqJaeofPDPG7ZcxzjcFJFVWN3VU3/cVNZfWv5bp2ilSd0lOf7v9k27RSrG4U5/v/wBlrG11cN1XKPTdLGJ4kMxVuT+zWKadFKz+RAf7gsDRaoHhUcR9LVFGL4m3P5QfUE6McxP+c0/2p/ZrFJZomHi0tFBbjmApmF6D4XBWx1c0YJYbiK5LL9q1gx7Exntx/wDYljSDFLW6SMX/AKVL3rUmKym1LII7veGtaMycgAuTZHVaa6SMo6MkU7AeudzGDe7vO5c1NXVtYdioqHFnkg2BVp6l6SNmG4jVZdK+cRnLc0C/xVxw1dpln+O2wDBaPAcOZRULLMGbnHwnnmStmhC6OQSXEAXJsBnfklLkdZuPnBNGpmwutV1d4Ybbxfwj6AgqXTbF/wBu6U1dUx21BGehhz+y3j6TcrSFJjbsMACyo2EoLCyEC2OeyIwtc4RF20YweqTztzWVgIKAaNtwHatiwbLMgSdwA4qLSR3dtLqtCMKOL6RU8bm3gp/npuVhuHpNvahVqaIYX+yNH6OlcPndnbk7XOzP/nYt0sADksqsBCEIBCEIBCEIBCEIOE1kaENx+mOIYcwMxOFu4f4zfJPbyKo0ktcWPaWuaSCHbwRwPavVh3ZKrdaug5qGyY9hEF52i9VCwZvHljt5osVOCs3TLXJd1Gjl1m6bui6B26Lpu6yHIHo/DCsrU/iogxGrwuU2bUNEsX3m5EekEepVi12a2OG1ktFVQ1dO8tlheHtPaEK9LBZWs0dxiDHMJgrqc+GLPbxY4bwtkSqwTI9rGF7nBrWi5J4BefdOtIHaR6QyzRuPyOnvFTjmAc3ek+yy7jWxpYIITgGHS/Pyt/entPi2+T3lVO0BrQ0KLCkLCyjQCWEkJSDKANpwak3UmljzDnDMoJEYEbLnwWjNXFq3wT9mYJ8qmbaprCJHX3tb9kfH0qvtC8COO41Gx7b0cBEk54Hk30+5Xc0WAAFrKs1lCEIgQhCAQhCAQhCAQhCAWHC4tw4rKEFL6z9A30MsmNYNEXUrruqYGDOI+UBy9yrVrl6we0OaQ4XaRYg7lUWsDVk5plxPRqK4N3S0bfez9EalVdtLN007aY4se0scMi1wsQe1ZBUU5dZumg5ZugdDk/DJZ2aiXSmuQd1oNpRJo/X/ADt3UM5tK3yf6h3LvNOdPKXB6IQ4VIyor52XjLTdsbT9o/AKk6ea2Tin5Iw/rC20iaMvkkmlkmme6SWR2097jcuKTdJcC02cLFYuilgpSbBSrhAsFF0i99yehic/M7kCoYi83duW0o6aernipaSPpJ5iGsYOf6JmCJ8ksdPAx0s0hDWMYLlx7lcWguiLMCgNXWBr8SlbZzhmI2+SPiqlra6K4FFgGER0jCHSnrzSW8N53+jgtysAWWUZCEIQCEIQCEIQCEIQCEIQCEIQCxZZQg5HS7QHCNJAZXM+S1vCphGZ+8OKqHSLV/j+BFz3U/yumH+PTguHpG8L0Yg7kXbyTcglpFiDms3XpbGtDdH8b2nV2GwmQ/4sfUf6wuLxPU1RPJdheJzwngydoePWLFF2p26yCu8rdUmkcBcaV9JUt4Wfsk+sLS1OgelVNfawaocB/LLXe4obaBrlJiqLZEpybR/HKcnpcGr2n8M/4BRnUlbH4dHUt+9C4fBFTukZI2zxdIdTsObHW7CoYEzd8Ug/tKkRNqnmzKed5PARk/BAr5PJwsstppDvICnUuC47VOHyfB6518rmBzR6yF0OGaudJq0g1EMdGznLJc+oXQ25eOmYzNxv6VtsEwbEMcnEGF0zngHrSuyYzvKsbBdVuGUpbJi08lc8Z9GOpHf0Zn1ruaWlp6OBkFLCyGJu5kbbAIm3P6IaH0ejsYkcRUVzhZ85G7saOAXToQjIQhCAQhCAQhCD/9k=	21	f	165	Apple Watch 2	Apple watch, series 2	20
158	23			22	t	158	Car Charger	A converter so I can charge my phone in the car. (Would be helpful for those times when my phone dies and I'm supposed to text mom when I arrive safely)	19
259	26			25	t	259	Bubba Mug	One that will fit in a car cupholder.	7
154	22	https://www.amazon.com/Better-Than-Coffee-Chocolate-Coconut/dp/B019VHR8CA/ref=sr_1_28?ie=UTF8&qid=1480741821&sr=8-28&keywords=coffee+bars		21	t	154	*Better Than Coffee bars	Very valuable for the college semester. These are fantastic. 	18
160	23		http://www.koh-i-noor.cz/media/images/shop/8820001001KS.jpg	21	t	160	Highlight Pencil	Just a white color pencil. Great for highlighting in drawing.	19
177	26			\N	f	177	Gravy Boat		18
179	26	https://www.amazon.com/dp/B0002EVPDA/?tag=atkequippilot-20		\N	f	179	Fat Seperator 		18
263	26			7	f	263	Bake Cookies		7
182	23	https://www.amazon.com/Crimson-Skew-Mapmakers-Trilogy/dp/0670785040	https://images-na.ssl-images-amazon.com/images/I/5134K6IfCcL._SX327_BO1,204,203,200_.jpg	\N	f	182	The Crimson Skew	#3 of the Mapmaker's Trilogy by S.E. Grove	19
186	23	https://www.amazon.com/Theft-Swords-Vol-Riyria-Revelations/dp/0316187747	http://images.gr-assets.com/books/1307959785l/10790290.jpg	\N	f	186	Theft of Swords	Vol. #1 of the Riyria Revelations by Michael J. Sullivan	19
218	21	https://www.sparkfun.com/products/13613	https://cdn.sparkfun.com//assets/parts/1/0/9/8/3/13613-01.jpg	\N	f	218	IOIO		7
188	25		https://images-na.ssl-images-amazon.com/images/I/41xrJ2chkJL._AC_UL246_SR190,246_.jpg	\N	f	188	Tea Kettle	MUST work on a induction cooktop (a magnet will stick strongly to the bottom). Bigger is better than smaller. I'd suggest sticking with plain metal rather than any bright colors.	19
264	22			7	t	264	Vintage Vetrenary Stuff		7
178	23		https://i.stack.imgur.com/JUQge.jpg	7	t	178	Card Deck	Good stocking-stuffer.	19
262	26			7	t	262	Cheetos		7
183	23	http://www.enterthefivekingdoms.com/books/	http://www.enterthefivekingdoms.com/media/bookcover-4.png	26	t	183	Death Weavers	#4 of the Five Kingdoms series by Brandon Mull	19
176	26	http://www.target.com/p/pyrex-sculptured-bowl-w-lid-4-75qt/-/A-16965441?ref=tgt_adv_XS000000&AFID=google_pla_df&CPNG=PLA_Kitchen+Shopping&adgroup=SC_Kitchen&LID=700000001170770pgs&network=g&device=c&location=1026201&gclid=CjwKEAiAvZTCBRDvnoOaoa2j3xISJABxPjN9E0qKBfBbH6CKsQjur9Fr2-uyZ1M0WYTahqMoAfAE_BoCoO_w_wcB&gclsrc=aw.ds	http://target.scene7.com/is/image/Target/16965441?wid=3000&hei=3000&qlt=70&fmt=pjpeg	\N	f	176	Largest pyrex mixing bowl	I broke the one that came with my set. It was either a 4 or 4.75qt bowl. I don't need the lid, just the bowl.	22
189	27	https://www.amazon.com/Wonder-Forge-01020-Curious-Matching/dp/B003F8HSAE/ref=redir_mobile_desktop?_encoding=UTF8&dpID=61uPw98%2BjgL&dpPl=1&pi=SL110&ref_=null_ap_4_fbt	https://images-na.ssl-images-amazon.com/images/I/61uPw98%2BjgL.jpg	22	t	189	Matching game	Curious George matching game	23
196	27			\N	f	196	Curious george	Anything curious george themed he will absolutely love. Terra toys has a big section for Curious George. Amazon also sells lots of it.	23
197	27			\N	f	197	Terra Toys gift card	If you've never been to this toy store you should visit. Michael has a blast here every time we go.	23
195	27			26	t	195	Barnes and Noble gift card	I take the boys to barnes and noble and we play at the train table and read in the kids section. They also have a really nice teaching material section for toddlers and preschoolers that I would like to buy from.	23
200	26			\N	f	200	Hobby Lobby gift card	I'm always doing crafts, decorating, sewing, or crocheting a new project that I need supplies for. Hobby lobby is my favorite place to pick up those supplies. 	22
184	26	http://www.corelle.com/boutique-precious-colors-16-pc-dinnerware-set-w-bonus-platter-white-diamond/1113546.html	http://demandware.edgesuite.net/sits_pod22/dw/image/v2/AAMR_PRD/on/demandware.static/-/Sites-master-catalog-PROD/default/dw6ad0713e/products/1113546.jpg?sw=1500&sh=1500&sm=fit&sfrm=tif	21	t	184	Corelle dish set	Corelle Boutique Precious Colors 16-pc Dinnerware Set w/Bonus Platter, White Diamond	22
193	27	http://www.academy.com/webapp/wcs/stores/servlet/Product_10151_10051_36473_-1?cm_mmc=pla-_-Shops+Sports+Training+SKLZ+Shop+Basketball-_-Google-_-Sklz+Pro+Mini+Basketball+Hoop&sku=017854795&gclid=CJzE4fiT4NACFRC1wAodCWMHQA&kwid=productads-adid%5E104478058398-device%5Et-plaid%5E262655113125-sku%5E017854795-adType%5EPLA	http://assets.academy.com/mgen/76/10577376.jpg	25	t	193	Basktball hoop	Some type of wall mounted basketball hoop so Mikey can work on his b-ball skills	23
201	27	Mikey wears size 3T in shirts and pants and is a size 9 in shoes.	https://s7d1.scene7.com/is/image/BedBathandBeyond/29779341280904p?hei=2000&wid=2000&qlt=50,1	\N	f	201	Silverware set	It's time for big boy silverware )':	23
181	23	http://www.gamestop.com/collectibles/toys/portal-bookends-by-thinkgeek/124575?cid=fds_10000777&CAWELAID=120192760000030721&CAGPSPN=pla&CAAGID=31186556762&CATCI=pla-18283950120&catargetid=120192760000077422&cadevice=c&gclid=CjwKEAiAvZTCBRDvnoOaoa2j3xISJABxPjN9qkGWgngNr5g42y2pTUWwmL_lg95s8aQDZbAwALyjDxoCEwLw_wcB	http://www.thinkgeek.com/images/products/zoom/e9cc_portal_bookends.jpg	7	t	181	Book Ends	Some cute bookends would be lovely. The nerdier, the better. Nothing too bulky. (Unfortunately the depicted might be sold out, since they're quite popular, but they're still cool looking)	19
180	23		data:image/jpeg;base64,/9j/4AAQSkZJRgABAQAAAQABAAD/2wCEAAkGBwgHBgkIBwgKCgkLDRYPDQwMDRsUFRAWIB0iIiAdHx8kKDQsJCYxJx8fLT0tMTU3Ojo6Iys/RD84QzQ5OjcBCgoKDQwNGg8PGjclHyU3Nzc3Nzc3Nzc3Nzc3Nzc3Nzc3Nzc3Nzc3Nzc3Nzc3Nzc3Nzc3Nzc3Nzc3Nzc3Nzc3N//AABEIAQ4BDgMBIgACEQEDEQH/xAAcAAEAAgIDAQAAAAAAAAAAAAAABgcEBQECCAP/xABFEAACAgECAwQHBAcFBgcAAAAAAQIDBAURBiExBxJBURMUImFxkaEyQlKBFSOxwdHh8DNikrLCJFNjgoOjFiZDVXKTov/EABcBAQEBAQAAAAAAAAAAAAAAAAABAgP/xAAaEQEBAQEBAQEAAAAAAAAAAAAAARECMRJB/9oADAMBAAIRAxEAPwC8QAAAAAAAAAAAAAAAAAAK2487TqtFtngaPGF+XHlOyXOEH+9kj7QdYlo/D106pd2679XB77bcub/rzPMWZfO++dlkt5Sk2ywbvV+L9b1axyzdRvsT+4ptRX5LkY+m0X6lJqvKhCa6xk3uzS7neqydU4zrk4yi900+hqIlcdB1KL3qyq91/eaMyjK4w0l97GyspxX+7t76+X8jF0TXFkuNORJQt8H4T/mSOq/aWymmzpkrO120vta1zBmq9UoryYrr34OE/wCvyJ7oPafoGqONd9ksK6X3bvs/4kQqSryI9zJprtj/AHopmDlcI6blRcseUsWzw7vOPyM3hdXvTdXfCNlM42Ql0lF7pn0PPGPZxVwdZ6XBvstxVzfcbnW174+BPuFe1bT9Q7lGsw9TvfL0i51v+Bi84urJB8qL6smqNuPZCyuS3UoPdM+plQAAAAAAAAAAAAAAAAAAAAAAAAAAAABWvbU5LT8FLfbez/Sef5PdnpTtYwfWuHFclu6LN/yf9I83ZEHC6cdukmhEfI5TODlLmag7we3NG90vWJRca8ib8lN/vNAjtu0zWpYsDG1GUdtpbm1xtTUtlbHdFaY+fdQkoz3S8GbfD11bpXQcffE3KmLTwL8fIioxns/BM1Gv8I4md3raoer3vmrK1yl8UaXB1CMkp1T3XuZKtK1zZKrIj34PzLiIhpeucQ8D5Si5SnjN/Yk265fDyZb3CXHel8RQjBTWPl7e1TY9t/g/EiWoxhq8JU6XTC2mXKy+5fqo+5eMn8Nl7yI6xwrRouK8ijIyJXQi5Kzv93Zrny26HOyLK9DbrzOSluyzjHPhrVOjajl25WJlJxoldLvTqmk2l3urT2a5+OxdJzrYAAAAAAAAAAAAAAAAAAAAAAAAAAMPV8GGpabk4dm211bjz8H4P5nlvivTLdM1W2m6DjKMnGXxR6wPP/apq+m6vxRk4GPiTVmPtXPJg1JWT2XRL47b+7oBWb6g72QcZOL6r6nTc1Ed0ZDxLfRqyC78X4oxuXgbbRMhek9BZ0l9lvz8jUGqa28DmMtiS5mm12p+z3ZfiRocnDtx37Ud4/iQNdsbMtol3qZOL8Sz+DtEyNXxKs3UoOrEa3jX0d/8I/t+HWL9nPCj17PeXm1v9HY0k5J9Lpfh+Hn/ADLsjFRioxSUUtkkuhZazWM64V1qMIqMIrZJLZJEO4+uhDR7ufPuNfPkvqya3r2dir+0rNSlXhRablLeXwX839AkaXgeNlvF2iQr+167VL8k95fRM9NlBdi+myzeL/WnHerBolY35Sl7Mf8AV8i/TnXQABAAAAAAAAAAAAAAAAAAAAAADhvZbsNpdSqeNuMFqkrMfEybKdFqs9HZbTLazOtT/sq35cmmxgcZcaZOtetYHD+VHB0mhuGdrNm6jv0cKvxS69Ob93Ur/F4VztdjO7h7DsxsGmL9DbdJq7Lnvzl8X1W3Jee+5ONB4VyeIbMS7WcbbHxYv1fCT7tNW73Tktk3LZrlz6Fo6dptODWlBJz22ctvol4IqPNmu8KatiYVGdmYltXpk3+sT7z97X9Mi0oOLaa2fieu9Y0vG1fAsxMuCcJrk/GL80efONeEb9Jz51WQ235wmukl5k1UGXuO0ZOLTXJrxPpZi21trbfY+XR8+pqVEm0zV4ZG1OY1GfSM/B/E2cNMszsunCoinbkS7kd1yS8W/clz/IhEeT5FvdkekSjgW6zlbysv/V0d5792C6tfF8vyNM1NdH0zH0jTqMDDj3aqY7b+Mn4yfvb3f5mY+h2Ok2VGDqGTHGx52yaSivEonXNQep6ndlN+w3tDf8K/rf8AMm/aRxAmv0Ziz5yX61rwj5fn+z4mh7O+GZcT8RVUWQ3wcfa3Kf8Ad8I/8zW3w38h1WuVt9kPD70jhaGXdHu5OotXz5bNQ29hfJt/8zJ0dYR7sVFJJLkkvBHY5NAAAAAAAAAAAAAAAAAAAAAAAafivWoaBo12a4qd3KvHq/3lsuUY/P6ARPtI4jTVuhY17qrjX6TU8mHN01PpXH+/Ldbe40PBfD1utahXm31qmimKjj1QalCivw2aezb5Pdrm9zWYmHfqGpxw++8m2OV38m9b/wC0Zb684y3SgnsvduXPpOn16dhwor6pbyl5v+Hl7i+IyMXHqxqY1UQUYR6JH2AIoazXtFxdbwpY2XD3wmusWbMAee+LuEcnSMmULYbxfOE49JLzRDcnG25WR6feR6r1LTsXU8WWPmVqcJfOL80VBxlwNfp0pXURduO3ysS6e5+QFUV4dtmRVRUu9K2ahH4t7I9I6bh16bp+PhUJKqiuNcdvcimeGsF18VaZC1bR9ZTafuTf7i5r8iuEHvPn5LqzpyxWQufQifGnFFOk4rox5KeTYvZj+9+79phcTcbVYlc8TT5Quv6PZ7xi/e/H4IrqXrWp5vNWZGVfLZJLeUn4JI0jHpx8zVtRhTRCeRmZNm0V4zk/6/I9GcEcM0cLaJXh192eRN+kybUv7Szbb5Lovgans64Hr4do9dzlGeqWx5tc1TF/dXv82ThckcrW4AAigAAAAAAAAAAAAAAAAAAAADh9CqOOdXuz9fseLvOrTZerYaSbU8ya9qfJfci5L3Nlg8Wav+hOH8zPjHv2wh3aYfjsfKEfzbRU2nYFuRqFeFW5WW0P1ZTfWWTZ7V1nJt7x5r8viWQTLs10OqmmeouKko70403tJyS+3PfZPm91z8ifLoY+Di1YWJTi0JqqmChFN78kZBAAAAAADrZCFkJQsipRktnFrdM7ACueNOCZ1wep8P175FElaqEt29uqj+W/IrLP1fN1CDUs9uvdqVcX3Nn5SS/Yz0lsa7K4f0bLyPWMrSsK67xsnRFyfxe3MsuJjz5oPDmpcQZCp0rGdkE9pXPlVD4y6b+5cy6eDeB8HhmtXPbK1CUdp5Elt3fdBeC+r+hKKaaqIRrprjXCPJQgtkvyPoLdHGy8jkAigAAAAAAAAAAAAAAAAAAAAAAdZyUU5SaSXNtgVz2k6rFatj4/KVOl0Sz7ovb2rX7NEefX2m3t8GduzTSnHIlkXP0nqcPR959196+zadj6b7pNR+BFszN/SedPOmpOGZmWZ9u3ef8As+PvCleyvF7tbdeRa/CmDLA0LGrubd807bm237c33n1+O35F/BuAAQAAAAAAAAAAAAAAAAAAAAAAAAAAAAAAAAAAAAAAj/HefPTuFs62ltX2wVFKT5udjUVt7+ZICD9o+XH1jRsOa3qjbZm3rZtdymDkt1y5d7bxAiejadDK1p4kY96qF1GnQbi/7Khd63q99nJc/ey44rZFbdmWIrMmi+bjKdWI757KP275b78l+GPX9pZRagACKAAAAAAAAAAAAAAAAAAAAAAAAAAAAAAAAAAAAABU3aNkTv13U4x2fq+Dj4lbfhO+3eXV/hj1S+JbJTWp2etcR3ylv+u16e+yf2ceteXNc357MsE84CojHEzr484zyXVF7t+zWlDy80yUmk4Mq9Fwzp7a9qyr0st9+s33vH4m7FAAEAAAAAAAAAAAAAAAAAAAAAAAAAAAAAAAAAAAAABx5lH1p2W12PaPdhqmS947pNza25ck9vj5ly6va6dJzbU9nDHskn5bRZSGDeqMXToyin/5TvtW/N96cpbv49DXPqVd2i1KnSMGuKSUMeuKS90UZpi6Vv8AozD35v0EN/8ACjKMqAAAAAAAAAAAAAAAAAAAAAAAAAAAAAAAAAAAAAAAA1HF1nouF9Xs3+zh2/5WURl5c6rcGvZe1wnTT8O9vJ/tLt7QZ+j4I12a6rBt2/wsonXk461jVx+7ouJX/wBuP8TXJXo/T13cDGj5VRX0RkHzx13aKl5QS+h9DIAAAAAAAAAAAAAAAAAAAAAAAAAAAAAAAAAAAAAAAAi/adLucBa2/PGcfm0v3lM6tV6bi+2pb/q8PGg0v/jWv3lw9q727P8AV/fCtfOyJV+Bjeucf6mmt1VXjr5KosKvuC2il7jsAQAAAAAAAAAAAAAAAAAAAAAAAAAAAAAAAAAAAAAAAARLtUi58D6jBfe9H/niyv8AguCyONeIbfwyqjvt47pf6Sx+0SKs4Yurf37IL6kF7PK99X16/wDHnRh8pM1PEq4AAZUAAAAAAAAAAAAAAAAAAAAAAAAAAAAAAAAAAAAAAABHOO1vo1cPxZNa+pE+AsX0Ms+bWzu1Pf6kt4254OJHzy4fTdmp0GuNc64r72SpP5lSpwACKAAAAAAAAAAAAAAAAAAAAAAAAAAAAAAAAAAAAAAOG9iJa7xvj4dk8fTqlk3Re0pt7Vxf7wMzjBr0eDH/AI+//wCWReeZPH1rh+uEu7G7UHGa816OT/gQnjvjLUsvIxMezOdM4T9I/V33VBNbc9uvzIxp+ZlWXYd2bmTsr9ak3GyTk03HbvPf5FjNen552HVysyqIPylYkfGWs6ZHrqGKv+rEpxxcOiWz6bczhJsxrS4v03pX/uOL/wDaj6w1TT5/ZzsZ/wDViU2k0dbra6Yd+6yMIrxkxou6u2uxb12RmvOL3O5ROHqGNfvLGyItpuO8Zc0zbYfEGfRLbG1G32ese/3l8nuXRcAK+07jnKqko59ELoeMq/Zl/B/Qm2m6ji6njLIw7FOD5PwcX5NDRlgAoAAAAAAAAAAAAAAAAAAAAAAAAAADVcUWzp4e1CyqTjNY8tmvDkef8bX8f0jpyv1ck9u94MvLtDjZPgrV41WejnLHaU9+m7R5rljwjFxSTXmyYNnxPHHtrotxPRy78nGTjszE0icr8/FrnKUlKXdak99tkYHoFF7wlKD9zMrGsuq22yrItS7yagpbPpvzNzxE/qiq4qMUkl4H0UvMhT1fPr5xzFbt+OlJ/Q5hxJnr7VUH8DHzRNu8n4mNn4dGfSqr5WKKe/sS7rIt/wCJcp/+il+X8zsuIMub5+wvdBfxHzRnYPCmNS5TvyrJS3e3o9o7I3GDp9GB6SVVls+9tv6Se+3wI6tVlJe3kX/CMIowcvIsv5K/IS8nZuX5qal+VqWJipu/Iri/LfmSrsq1N52p5Kp7yodXj95prZ/Up2rHrU+813n5y5lsdkD21O1f8F/tRMxdW0ACqAAAAAAAAAAAAAAAAAAAAAAAAAADVcT6dZq/D+dp1M4wtyKXGEpdE/Df3HmjWMDO0jUJ4ep488e+P3Zr7S80+jXvR6sMPU9LwNWxnj6nh0ZVL+5dBSX16AeUm9zlF6ap2QcPZc3ZhW5mBJ/drsU4fKSb+pG83sYz693h6xjWx8rqZQf0bLqKvbOCU6rwJqumJu+/ClFfgsm39YkZvonTNxk1y5cijqmjvFnz22Zk42NZfNRg4pvzYHCOSVaT2fatqSi68jBhGXjKc9/8pK8DsanunqOsJLxhj1f6m/3DUxV1bW/Mt/sk0rKqVmpXVuvHnX3anJbek357r3cupIdE7PeHdHlGyGI8q6PNW5cu+18Fsor5ErSMrI5AAUAAAAAAAAAAAAAAAAAAH//Z	20	t	180	Desk Lamp	Currently using Angie's old lamp, but it's a bit too small and dim for my larger desk. 	19
194	28			21	t	194	Clothes	Matthew is in size 9 months in onesies, shirts, and pants.	24
198	27			21	t	198	Clothes	Mikey wears size 3T in shirts and pants and is a size 9 in shoes.	23
185	23	https://www.amazon.com/Seas-Under-Skies-Gentleman-Bastards/dp/0553588958	http://images.gr-assets.com/books/1426312779l/887877.jpg	7	t	185	Red Seas Under Red Skies	#2 in the Gentleman Bastard series by Scott Lynch	19
191	27	http://www.academy.com/shop/pdp/brava-soccer-ball#repChildCatid=839506	http://assets.academy.com/mgen/02/10261802.jpg?is=640,640	19	t	191	Soccer ball	Get a size #3 soccer ball\r\nAll the sports stuff should be available at Academy or on their site.	23
199	26			19	t	199	Cooking utensils	Stainless steel cooking utensils: spatula, slotted spoon, spoon	22
220	21			\N	f	220	Oscilloscope		7
203	28	https://www.bedbathandbeyond.com/store/product/baby-vision-reg-luvable-trade-scooties-fleece-booties-in-grey-blue/3285328?skuId=46044396&mcid=PS_googlepla_nonbrand__&product_id=46044396&adpos=1o3&creative=144120241197&device=t&matchtype=&network=g&gclid=CJzI1Prg4tACFQIDaQodV4gPhA	https://s7d1.scene7.com/is/image/BedBathandBeyond/7743033285328m?hei=2000&wid=2000&qlt=50,1	22	t	203	Slipper socks	Slipper socks!! Size 6-12 months	24
219	21		http://build.ford.com/dig/Ford/Mustang/2017/HD-FULL/Image[|Ford|Mustang|2017|1|1.|400A.P8C..G1..884.LTS.COU.CJDAA.~RZZ00.SLR.646.LEA.44X.GT.891.]/EXT/1/vehicle.png	19	t	219	2017 Mustang GT Premium Fastback		7
206	26	https://www.katespade.com/products/dainty-sparklers-double-row-ear-jackets/WBRUC597.html?cgid=katespade-root&dwvar_WBRUC597_color=143#q=Earring%2520jacket&start=2&cgid=katespade-root	http://s7d4.scene7.com/is/image/KateSpade/WBRUC597_143?$s7fullsize$	\N	f	206	Earring jacket	Earring jacket for my diamond studs.	22
207	26	http://m.macys.com/shop/product/kate-spade-new-york-infinity-beyond-gold-tone-modern-hoop-earring-jackets?ID=2808007	http://slimages.macys.com/is/image/MCY/products/3/optimized/3560939_fpx.tif?op_sharpen=1&hei=434&$filterlrg$	\N	f	207	Earrings jacket	Another earring jacket (:	22
266	21			\N	f	266	Shop Trash Can	Medium size	7
211	26			\N	f	211	iTunes gift card	to get my "running tunes" on when Pandora and TuneIn aren't cutting it 	22
146	22	https://www.amazon.com/Creatures-Great-Small-James-Herriot/dp/1250057833/ref=pd_sbs_14_1?_encoding=UTF8&pd_rd_i=1250057833&pd_rd_r=HR6S42WVR1STKGHFWYMQ&pd_rd_w=3N5kE&pd_rd_wg=xKlrl&psc=1&refRID=HR6S42WVR1STKGHFWYMQ		7	f	146	All Things Great and Small 	Book by James Herriot \r\n(I have a Kindle account with my angiepangiemoore@hotmail.com email.)	18
265	28			7	t	265	Booties	To replace the one I lost.	7
223	21	http://store.steampowered.com/app/304430/	http://cdn.akamai.steamstatic.com/steam/apps/304430/header.jpg?t=1479825461	19	t	223	INSIDE		7
210	21	http://www.bestbuy.com/site/hp-officejet-pro-6968-wireless-all-in-one-instant-ink-ready-printer/5119700.p?skuId=5119700&ref=212&loc=1&ksid=850d704c-ec7d-46b9-8951-bab69c201b4b&ksprof_id=3&ksaffcode=pg226079&ksdevice=t&lsft=ref:212,loc:2&gclid=CLmA8b726dACFQiQaQodmI0Odw		22	t	210	Printer	Mike has had the same printer since UNT and it has finally become too old to function.	22
221	21	https://www.cavenders.com/western/cowboy-hats/caps/cavenders-caps/CBSKLT112	https://cavenders.scene7.com/is/image/Cavenders/CBSKLT112_1	\N	f	221	Cavender's Cap	Another one bites the dust.	7
224	21	http://store.steampowered.com/app/493340/?snr=1_4_4__100	http://cdn.akamai.steamstatic.com/steam/apps/493340/header.jpg?t=1480516725	\N	f	224	Planet Coaster		7
226	21	http://www.nintendo.com/nes-classic/	http://www.nintendo.com/images/page/nes-classic/nes-classic-edition-box.png	\N	f	226	NES Classic	Probably wont be back in stock before Christmas.	7
227	21	http://krikzz.com/store/home/27-sd2snes.html#/37-cartridge_shell-gray	https://krikzz.com/store/169-large_default/sd2snes.jpg	\N	f	227	SD2SNES		7
213	22	https://www.etsy.com/search?q=horse+anatomy&explicit=1&min=&max=25&price_bucket=1		\N	f	213	Horse Antomy poster	Ok, so I think these are fascinating and would love to have one. :-) 	18
228	22			\N	f	228	Nerdy Veterinary Stuff	Always a plus! Books, animal anatomy posters, models, etc.	18
229	29	http://icechestradios.net/cooler-stereo-by-size/yeti-ice-chest-radio-cooler-stereo/		\N	f	229	Cooler with speakers	Can be bought but building one would be fun!\r\n\r\nhttp://www.coolerspeakersystems.com/ultimate-yeti-model/\r\n\r\nhttp://www.instructables.com/id/Ultimate-Cooler-Speaker-System/\r\n\r\nhttp://www.crutchfield.com/S-faCvhlXySOV/learn/sound-system-in-a-cooler.html\r\n\r\nJust a few examples.	25
217	21		http://ep.yimg.com/ay/draftingsteals-store/110-series-architects-scale-12-by-alvin-17.gif	26	t	217	Architect's Ruler		7
225	21	http://store.steampowered.com/app/403640/	http://cdn.akamai.steamstatic.com/steam/apps/403640/header.jpg?t=1481124098	18	t	225	Dishonored 2		7
230	29	http://www.thermoworks.com/ThermoPop?tw=ATK		7	t	230	Thermoworks ThermoPop	Recommended by america's test kitchen and several other sites\r\nNot a must have.	25
216	21			20	f	216	Benchtop Planer		7
212	23		http://www9.pcmag.com/media/images/357877-apple-earpods.jpg?thumb=y&width=275&height=250	20	t	212	Earbuds	Old ones are falling apart. The left bud is half the volume of the right.	19
202	28	http://www.carters.com/carters-baby-boy-one-pieces/V_115G159.html?cgid=carters-baby-boy-one-pieces&dwvar_V__115G159_color=Color&dwvar_V__115G159_size=3M#navID=left&start=9&cgid=carters-baby-boy-one-pieces	http://demandware.edgesuite.net/sits_pod38/dw/image/v2/AAMK_PRD/on/demandware.static/-/Sites-carters_master_catalog/default/dwae7bd01b/hi-res/115G159_Default.jpg?sw=244	21	t	202	Carter's	Carter's brand FLEECE sleep and play- 9 months. Any pattern, no preference. He could use a few of these for the winter. They have lots of coupons and discounts online.	24
209	27	http://www.target.com/p/baby-toddler-boys-3-piece-pajama-set-just-one-you-made-by-carter-s/-/A-50494262	http://scene7.targetimg1.com/is/image/Target/50389267?wid=360&hei=360&qlt=80&fmt=pjpeg	21	t	209	Pajamas	Pajama sets like this one with a short sleeve shirt and loose fitting pants. 	23
231	29			21	f	231	Running shoes	Old shoes are worn through.  Time to start running to get in shape for possible SO training.	25
234	29			20	t	234	Drone	One of the ones with a built in camera (most have) so I can fly it with it.\r\nWould just be super cool to play with.  Like the model airplanes I used to want but way better!	25
204	24			22	t	204	Martha Stewart White Coffee Cups	To match ours.  Otherwise I'll suffer if they don't match.  Or, your mom will suffer if we give away three coffee cups not even 5 years old :)	20
208	26	http://m.macys.com/shop/product/inc-international-concepts-gold-tone-black-stone-earring-jackets-only-at-macys?ID=2923844	http://slimages.macys.com/is/image/MCY/products/3/optimized/3748843_fpx.tif?op_sharpen=1&hei=434&$filterlrg$	7	t	208	Earring jacket	Well, I can't decide on one....so here's another pair!	22
205	27			21	t	205	Pop up soccer goal	So he can be entertained playing soccer by himself. (I can only kick the ball back to him so many times!)	23
236	29			\N	f	236	Wine fridge	Been looking at them off and on for a while.  Not important at all and maybe a waste of money but would be nice to have for all my wine.\r\n50 bottle fridge.  dual zone.  Freestanding.	25
251	29			19	t	251	Books	I'm going to try to get him "Letting Go" and "Millionaire Fastlane" 	19
238	29			\N	f	238	Smartphone	Slowly coming around to preferring android smartphones over apple.  You guys know more about this than I however.  My current Iphone 6 works just fine however.  Just debating the switch. Only important in conjunction with the smart watch.	25
152	22	https://www.amazon.com/dp/B00PCI6XP6/?tag=atkequippilot-20		21	t	152	Nonstick skillet	Not necessary, but nice to have.	18
239	25			\N	f	239	Warm socks	Thick but not fuzzy.  Shoe size 7.5	21
241	21	https://www.cdnnsports.com/rugerr-10-22r-bx-trigger.html	https://www.cdnnsports.com/media/catalog/product/cache/1/image/9df78eab33525d08d6e5fb8d27136e95/R/U/RUG90462.jpg	\N	f	241	RUGER 10/22 BX-TRIGGER		7
244	24			7	t	244	Wine of the month club 1/2		7
153	22			22	t	153	Earrings	Surprise me. :-) I prefer elegant but not gaudy, something I can wear everyday for simple style. Hoops, studs, or dangles are great. Examples:\r\n\r\nhttps://www.amazon.com/Sterling-Freshwater-Cultured-Diamond-Earrings/dp/B0043RTR3M/ref=pd_srecs_cs_197_6?_encoding=UTF8&psc=1&refRID=DS3QA6MKX6HYVH36EF6X \r\n\r\nhttps://www.amazon.com/Sterling-Silver-Filigree-Hoop-Earrings/dp/B00S5VKNIA/ref=sr_1_32?s=apparel&ie=UTF8&qid=1481299143&sr=1-32&nodeID=7454870011&refinements=p_72%3A2661618011&th=1	18
243	22			7	f	243	Beef Jerkey		7
252	21			25	t	252	Concealed hand gun license course	He's been wanting this for a LONG time.	22
242	26			7	t	242	Good Photo Printer	Taylor is always printing pictures at the house but my old college printer doesn't print photos very well.	7
246	27			7	f	246	Hot Wheels Tracks	We got plenty of cars, but no tracks.	7
248	21		http://www.staples-3p.com/s7/is/image/Staples/s0379577_sc7?$splssku$	\N	f	248	Office Chair	Armless cushioned office chair	22
249	27		https://ll-us-i5.wal.co/asr/4acc9b87-616e-4f42-9c09-fd8d0ae08234_1.7f89044281b281a9b130697b3f16ba53.jpeg?odnHeight=450&odnWidth=450&odnBg=FFFFFF	22	t	249	Tricycle	Radio flyer tricycle	22
222	21	http://www.gamestop.com/wii-u/games/paper-mario-color-splash/129077	http://www.gamestop.com/common/images/lbox/123781b.jpg	21	t	222	Paper Mario Color Splash	I prefer a hard copy over digital download.	7
215	25	https://www.amazon.com/dp/B0009W7ED0/?tag=atkequippilot-20	https://images-na.ssl-images-amazon.com/images/I/81AIeGeu0zL._SL1500_.jpg	7	t	215	Roasting pan and rack	America's test kitchen and can use on induction.	21
214	25	https://www.amazon.com/dp/B004RF7QJW/?tag=thesweethome-20&linkCode=xm2&ascsubtag=SH2257	https://images-na.ssl-images-amazon.com/images/I/81uMFKm1suL._SL1500_.jpg	20	t	214	immersion blender	Doesn't have to be this brand but it has high reviews.  Don't really need the attachments except for the container.  Want to use for soups and smoothies.\r\n\r\nFeatures I like: Non scratch base, removable base you can put in the dishwasher.\r\n\r\n\r\n	21
237	29			20	f	237	Smart watch	Really want one of these to help with my working out.  great for working at the hospital and quickly checking texts.  And a million other things.  \r\n	25
235	29			19	t	235	Student loan forgiveness 	Praise be obamas name!  hahaha	25
250	24			19	t	250	Workout shorts	Long shorts, 30" waist	20
245	27			\N	f	245	Brio tracks	Especially cool pieces like ramps/bridges, y-splits, etc.	7
270	29			\N	f	270	Car fixed	Bumper and side panel of T-Ruck have been broken forever.  Also the middle arm rest is falling apart.  Can't open it any more and it needs new covering.  Need to clean side arm rests too.	25
272	29			\N	f	272	less lower back hair and body fat	I'm a disgusting human being	25
247	28		https://st.hzcdn.com/simgs/75a1a0c604ee23af_4-4424/contemporary-baby-and-toddler-toys.jpg	19	t	247	Wire-and-beads toy		7
253	25			19	t	253	ear buds	any kind that works with my iPhone 5s	21
273	29			19	t	273	A catholic supermodel gf with a PHd	Nothing less will do.  I think the above gift will help with this.	25
268	25			7	t	268	Tote Bag	There are some at Old Navy she wants. See Katie for details.	19
267	27			7	t	267	Hot Wheels Cars		7
269	27			7	t	269	Airplane Toy		7
173	26	https://www.amazon.com/gp/product/B000N4WN08/ref=s9_top_hd_bw_b1DOU_g79_i2?pf_rd_m=ATVPDKIKX0DER&pf_rd_s=merchandised-search-5&pf_rd_r=NSQT1B4MAX8KM1D2DWKN&pf_rd_t=101&pf_rd_p=583113ca-4280-5cf7-9256-1686242a14df&pf_rd_i=289818&th=1	https://images-na.ssl-images-amazon.com/images/I/41%2B0-MrDKaL.jpg	26	t	173	Dutch oven	Any dutch oven will work, but they range dramatically in price and this one seems like the best bang for your buck! I like the blue one pictured best :)	22
240	25			26	t	240	scarf	NOT big and bulky, I get lost in these.	21
274	22			25	t	274	tea water heater		25
271	29			21	t	271	Sweat Pants	General lounge sweats or for running maybe when its cold but mostly lounge	25
276	30			\N	f	276	Test B		7
277	30			27	f	277	boop		27
275	30			27	t	275	Test A		7
\.


--
-- Name: wish_list_items_id_seq; Type: SEQUENCE SET; Schema: public; Owner: fwl_admin
--

SELECT pg_catalog.setval('wish_list_items_id_seq', 277, true);


--
-- Name: wish_list_items_priority_seq; Type: SEQUENCE SET; Schema: public; Owner: fwl_admin
--

SELECT pg_catalog.setval('wish_list_items_priority_seq', 277, true);


--
-- Data for Name: wish_lists; Type: TABLE DATA; Schema: public; Owner: fwl_admin
--

COPY wish_lists (id, wish_list_collection_id, owner_user_id) FROM stdin;
21	10	7
22	10	18
23	10	19
24	10	20
25	10	21
26	10	22
27	10	23
28	10	24
29	10	25
30	11	7
\.


--
-- Name: wish_lists_id_seq; Type: SEQUENCE SET; Schema: public; Owner: fwl_admin
--

SELECT pg_catalog.setval('wish_lists_id_seq', 30, true);


--
-- Name: suggestions_pkey; Type: CONSTRAINT; Schema: public; Owner: fwl_admin; Tablespace: 
--

ALTER TABLE ONLY suggestions
    ADD CONSTRAINT suggestions_pkey PRIMARY KEY (id);


--
-- Name: users_pkey; Type: CONSTRAINT; Schema: public; Owner: fwl_admin; Tablespace: 
--

ALTER TABLE ONLY users
    ADD CONSTRAINT users_pkey PRIMARY KEY (id);


--
-- Name: wish_list_collections_pkey; Type: CONSTRAINT; Schema: public; Owner: fwl_admin; Tablespace: 
--

ALTER TABLE ONLY wish_list_collections
    ADD CONSTRAINT wish_list_collections_pkey PRIMARY KEY (id);


--
-- Name: wish_list_items_pkey; Type: CONSTRAINT; Schema: public; Owner: fwl_admin; Tablespace: 
--

ALTER TABLE ONLY wish_list_items
    ADD CONSTRAINT wish_list_items_pkey PRIMARY KEY (id);


--
-- Name: wish_lists_pkey; Type: CONSTRAINT; Schema: public; Owner: fwl_admin; Tablespace: 
--

ALTER TABLE ONLY wish_lists
    ADD CONSTRAINT wish_lists_pkey PRIMARY KEY (id);


--
-- Name: users_email_idx; Type: INDEX; Schema: public; Owner: fwl_admin; Tablespace: 
--

CREATE INDEX users_email_idx ON users USING btree (email);


--
-- Name: wish_list_collections_owner_user_id_idx; Type: INDEX; Schema: public; Owner: fwl_admin; Tablespace: 
--

CREATE INDEX wish_list_collections_owner_user_id_idx ON wish_list_collections USING btree (owner_user_id);


--
-- Name: wish_list_items_covered_by_user_id_idx; Type: INDEX; Schema: public; Owner: fwl_admin; Tablespace: 
--

CREATE INDEX wish_list_items_covered_by_user_id_idx ON wish_list_items USING btree (covered_by_user_id);


--
-- Name: wish_list_items_priority_idx; Type: INDEX; Schema: public; Owner: fwl_admin; Tablespace: 
--

CREATE INDEX wish_list_items_priority_idx ON wish_list_items USING btree (priority);


--
-- Name: wish_list_items_wish_list_id_idx; Type: INDEX; Schema: public; Owner: fwl_admin; Tablespace: 
--

CREATE INDEX wish_list_items_wish_list_id_idx ON wish_list_items USING btree (wish_list_id);


--
-- Name: wish_lists_wish_list_collection_id_owner_user_id_idx; Type: INDEX; Schema: public; Owner: fwl_admin; Tablespace: 
--

CREATE INDEX wish_lists_wish_list_collection_id_owner_user_id_idx ON wish_lists USING btree (wish_list_collection_id, owner_user_id);


--
-- Name: suggestions_author_user_id_fkey; Type: FK CONSTRAINT; Schema: public; Owner: fwl_admin
--

ALTER TABLE ONLY suggestions
    ADD CONSTRAINT suggestions_author_user_id_fkey FOREIGN KEY (author_user_id) REFERENCES users(id) ON UPDATE CASCADE ON DELETE SET NULL;


--
-- Name: wish_list_collections_exclusive_wish_list_id_fkey; Type: FK CONSTRAINT; Schema: public; Owner: fwl_admin
--

ALTER TABLE ONLY wish_list_collections
    ADD CONSTRAINT wish_list_collections_exclusive_wish_list_id_fkey FOREIGN KEY (exclusive_wish_list_id) REFERENCES wish_lists(id) ON UPDATE CASCADE ON DELETE CASCADE;


--
-- Name: wish_list_collections_owner_user_id_fkey; Type: FK CONSTRAINT; Schema: public; Owner: fwl_admin
--

ALTER TABLE ONLY wish_list_collections
    ADD CONSTRAINT wish_list_collections_owner_user_id_fkey FOREIGN KEY (owner_user_id) REFERENCES users(id) ON UPDATE CASCADE ON DELETE CASCADE;


--
-- Name: wish_list_items_covered_by_user_id_fkey; Type: FK CONSTRAINT; Schema: public; Owner: fwl_admin
--

ALTER TABLE ONLY wish_list_items
    ADD CONSTRAINT wish_list_items_covered_by_user_id_fkey FOREIGN KEY (covered_by_user_id) REFERENCES users(id) ON UPDATE CASCADE ON DELETE SET NULL;


--
-- Name: wish_list_items_creator_user_id_fkey; Type: FK CONSTRAINT; Schema: public; Owner: fwl_admin
--

ALTER TABLE ONLY wish_list_items
    ADD CONSTRAINT wish_list_items_creator_user_id_fkey FOREIGN KEY (creator_user_id) REFERENCES users(id) ON UPDATE CASCADE ON DELETE CASCADE;


--
-- Name: wish_list_items_wish_list_id_fkey; Type: FK CONSTRAINT; Schema: public; Owner: fwl_admin
--

ALTER TABLE ONLY wish_list_items
    ADD CONSTRAINT wish_list_items_wish_list_id_fkey FOREIGN KEY (wish_list_id) REFERENCES wish_lists(id) ON UPDATE CASCADE ON DELETE CASCADE;


--
-- Name: wish_lists_owner_user_id_fkey; Type: FK CONSTRAINT; Schema: public; Owner: fwl_admin
--

ALTER TABLE ONLY wish_lists
    ADD CONSTRAINT wish_lists_owner_user_id_fkey FOREIGN KEY (owner_user_id) REFERENCES users(id) ON UPDATE CASCADE ON DELETE CASCADE;


--
-- Name: wish_lists_wish_list_collection_id_fkey; Type: FK CONSTRAINT; Schema: public; Owner: fwl_admin
--

ALTER TABLE ONLY wish_lists
    ADD CONSTRAINT wish_lists_wish_list_collection_id_fkey FOREIGN KEY (wish_list_collection_id) REFERENCES wish_list_collections(id) ON UPDATE CASCADE ON DELETE CASCADE;


--
-- Name: public; Type: ACL; Schema: -; Owner: postgres
--

REVOKE ALL ON SCHEMA public FROM PUBLIC;
REVOKE ALL ON SCHEMA public FROM postgres;
GRANT ALL ON SCHEMA public TO postgres;
GRANT ALL ON SCHEMA public TO mike;
GRANT ALL ON SCHEMA public TO PUBLIC;


--
-- Name: suggestions; Type: ACL; Schema: public; Owner: fwl_admin
--

REVOKE ALL ON TABLE suggestions FROM PUBLIC;
REVOKE ALL ON TABLE suggestions FROM fwl_admin;
GRANT ALL ON TABLE suggestions TO fwl_admin;
GRANT SELECT,INSERT ON TABLE suggestions TO fwl_user;


--
-- Name: suggestions_id_seq; Type: ACL; Schema: public; Owner: fwl_admin
--

REVOKE ALL ON SEQUENCE suggestions_id_seq FROM PUBLIC;
REVOKE ALL ON SEQUENCE suggestions_id_seq FROM fwl_admin;
GRANT ALL ON SEQUENCE suggestions_id_seq TO fwl_admin;
GRANT USAGE ON SEQUENCE suggestions_id_seq TO fwl_user;


--
-- Name: users; Type: ACL; Schema: public; Owner: fwl_admin
--

REVOKE ALL ON TABLE users FROM PUBLIC;
REVOKE ALL ON TABLE users FROM fwl_admin;
GRANT ALL ON TABLE users TO fwl_admin;
GRANT SELECT,INSERT,DELETE,UPDATE ON TABLE users TO fwl_user;


--
-- Name: users_id_seq; Type: ACL; Schema: public; Owner: fwl_admin
--

REVOKE ALL ON SEQUENCE users_id_seq FROM PUBLIC;
REVOKE ALL ON SEQUENCE users_id_seq FROM fwl_admin;
GRANT ALL ON SEQUENCE users_id_seq TO fwl_admin;
GRANT USAGE ON SEQUENCE users_id_seq TO fwl_user;


--
-- Name: wish_list_collections; Type: ACL; Schema: public; Owner: fwl_admin
--

REVOKE ALL ON TABLE wish_list_collections FROM PUBLIC;
REVOKE ALL ON TABLE wish_list_collections FROM fwl_admin;
GRANT ALL ON TABLE wish_list_collections TO fwl_admin;
GRANT SELECT,INSERT,DELETE,UPDATE ON TABLE wish_list_collections TO fwl_user;


--
-- Name: wish_list_collections_id_seq; Type: ACL; Schema: public; Owner: fwl_admin
--

REVOKE ALL ON SEQUENCE wish_list_collections_id_seq FROM PUBLIC;
REVOKE ALL ON SEQUENCE wish_list_collections_id_seq FROM fwl_admin;
GRANT ALL ON SEQUENCE wish_list_collections_id_seq TO fwl_admin;
GRANT USAGE ON SEQUENCE wish_list_collections_id_seq TO fwl_user;


--
-- Name: wish_list_items; Type: ACL; Schema: public; Owner: fwl_admin
--

REVOKE ALL ON TABLE wish_list_items FROM PUBLIC;
REVOKE ALL ON TABLE wish_list_items FROM fwl_admin;
GRANT ALL ON TABLE wish_list_items TO fwl_admin;
GRANT SELECT,INSERT,DELETE,UPDATE ON TABLE wish_list_items TO fwl_user;


--
-- Name: wish_list_items_id_seq; Type: ACL; Schema: public; Owner: fwl_admin
--

REVOKE ALL ON SEQUENCE wish_list_items_id_seq FROM PUBLIC;
REVOKE ALL ON SEQUENCE wish_list_items_id_seq FROM fwl_admin;
GRANT ALL ON SEQUENCE wish_list_items_id_seq TO fwl_admin;
GRANT USAGE ON SEQUENCE wish_list_items_id_seq TO fwl_user;


--
-- Name: wish_list_items_priority_seq; Type: ACL; Schema: public; Owner: fwl_admin
--

REVOKE ALL ON SEQUENCE wish_list_items_priority_seq FROM PUBLIC;
REVOKE ALL ON SEQUENCE wish_list_items_priority_seq FROM fwl_admin;
GRANT ALL ON SEQUENCE wish_list_items_priority_seq TO fwl_admin;
GRANT USAGE ON SEQUENCE wish_list_items_priority_seq TO fwl_user;


--
-- Name: wish_lists; Type: ACL; Schema: public; Owner: fwl_admin
--

REVOKE ALL ON TABLE wish_lists FROM PUBLIC;
REVOKE ALL ON TABLE wish_lists FROM fwl_admin;
GRANT ALL ON TABLE wish_lists TO fwl_admin;
GRANT SELECT,INSERT,DELETE,UPDATE ON TABLE wish_lists TO fwl_user;


--
-- Name: wish_lists_id_seq; Type: ACL; Schema: public; Owner: fwl_admin
--

REVOKE ALL ON SEQUENCE wish_lists_id_seq FROM PUBLIC;
REVOKE ALL ON SEQUENCE wish_lists_id_seq FROM fwl_admin;
GRANT ALL ON SEQUENCE wish_lists_id_seq TO fwl_admin;
GRANT USAGE ON SEQUENCE wish_lists_id_seq TO fwl_user;


--
-- PostgreSQL database dump complete
--

